open_time_ms,open_time,close_time_ms,close_time,mark_open,mark_high,mark_low,mark_close,mark_hl2
1609459200000,2021-01-01T00:00:00+00:00,1609545599999,2021-01-01T23:59:59.999000+00:00,28955.91887778,29691.8346904,28724.75638106,29390.37581111,29208.29553573
1609545600000,2021-01-02T00:00:00+00:00,1609631999999,2021-01-02T23:59:59.999000+00:00,29390.01581111,33310.5197351,29030.6,32191.3,31170.55986755
1609632000000,2021-01-03T00:00:00+00:00,1609718399999,2021-01-03T23:59:59.999000+00:00,32191.3,34832.52371591,32023.75107424,33080.4,33428.137395075
1609718400000,2021-01-04T00:00:00+00:00,1609804799999,2021-01-04T23:59:59.999000+00:00,33080.4,33679.0,28292.59263455,32040.1,30985.796317275002
1609804800000,2021-01-05T00:00:00+00:00,1609891199999,2021-01-05T23:59:59.999000+00:00,32040.1,34547.07420833,29929.3,34080.6,32238.187104165
1609891200000,2021-01-06T00:00:00+00:00,1609977599999,2021-01-06T23:59:59.999000+00:00,34076.4,37014.87193308,33401.8,36847.8,35208.335966540006
1609977600000,2021-01-07T00:00:00+00:00,1610063999999,2021-01-07T23:59:59.999000+00:00,36870.20669571,40446.98294444,36391.52898592,39498.1,38419.25596518
1610064000000,2021-01-08T00:00:00+00:00,1610150399999,2021-01-08T23:59:59.999000+00:00,39498.0,42024.97596414,36625.17310537,40626.39025758,39325.074534755
1610150400000,2021-01-09T00:00:00+00:00,1610236799999,2021-01-09T23:59:59.999000+00:00,40628.34725758,41469.96197727,38798.54443198,40284.6,40134.253204625
1610236800000,2021-01-10T00:00:00+00:00,1610323199999,2021-01-10T23:59:59.999000+00:00,40280.2,41533.3,35127.37170404,38206.8,38330.33585202
1610323200000,2021-01-11T00:00:00+00:00,1610409599999,2021-01-11T23:59:59.999000+00:00,38199.20947576,38281.50148788,30393.79160707,35414.1639548,34337.646547475
1610409600000,2021-01-12T00:00:00+00:00,1610495999999,2021-01-12T23:59:59.999000+00:00,35395.46031843,36671.22358434,32533.70164773,34044.60867284,34602.462616035
1610496000000,2021-01-13T00:00:00+00:00,1610582399999,2021-01-13T23:59:59.999000+00:00,34045.35,37824.92045221,32366.50583311,37389.7947096,35095.713142659995
1610582400000,2021-01-14T00:00:00+00:00,1610668799999,2021-01-14T23:59:59.999000+00:00,37391.2,40115.27454091,36773.3,39151.3,38444.287270455
1610668800000,2021-01-15T00:00:00+00:00,1610755199999,2021-01-15T23:59:59.999000+00:00,39145.26163636,39735.37440556,34427.74856634,36745.39212374,37081.56148595
1610755200000,2021-01-16T00:00:00+00:00,1610841599999,2021-01-16T23:59:59.999000+00:00,36741.1,37992.9,35394.20199066,36025.48537753,36693.550995330006
1610841600000,2021-01-17T00:00:00+00:00,1610927999999,2021-01-17T23:59:59.999000+00:00,36017.8,36877.23588384,33857.97137688,35870.09082955,35367.60363036
1610928000000,2021-01-18T00:00:00+00:00,1611014399999,2021-01-18T23:59:59.999000+00:00,35869.9,37492.52202778,34791.81513831,36677.40768157,36142.168583045
1611014400000,2021-01-19T00:00:00+00:00,1611100799999,2021-01-19T23:59:59.999000+00:00,36677.41859066,37926.25585556,35913.83349531,35913.83349531,36920.044675435
1611100800000,2021-01-20T00:00:00+00:00,1611187199999,2021-01-20T23:59:59.999000+00:00,35924.51081818,36422.49484066,33408.93243308,35522.91143662,34915.71363687
1611187200000,2021-01-21T00:00:00+00:00,1611273599999,2021-01-21T23:59:59.999000+00:00,35506.0,35639.08572449,30032.91698384,30832.87074342,32836.001354165004
1611273600000,2021-01-22T00:00:00+00:00,1611359999999,2021-01-22T23:59:59.999000+00:00,30832.87063636,33849.0,28804.93211641,33015.1,31326.966058205
1611360000000,2021-01-23T00:00:00+00:00,1611446399999,2021-01-23T23:59:59.999000+00:00,33003.75909091,33485.93680278,31425.61259153,32110.41763232,32455.774697155
1611446400000,2021-01-24T00:00:00+00:00,1611532799999,2021-01-24T23:59:59.999000+00:00,32110.41763232,33097.12817348,30956.87395466,32274.87339722,32027.00106407
1611532800000,2021-01-25T00:00:00+00:00,1611619199999,2021-01-25T23:59:59.999000+00:00,32280.90066995,34883.14690338,31929.23749798,32278.0,33406.19220068
1611619200000,2021-01-26T00:00:00+00:00,1611705599999,2021-01-26T23:59:59.999000+00:00,32272.9,32930.55627306,30839.38036692,32502.5,31884.96831999
1611705600000,2021-01-27T00:00:00+00:00,1611791999999,2021-01-27T23:59:59.999000+00:00,32498.61228131,32576.0,29254.1041351,30402.44167727,30915.05206755
1611792000000,2021-01-28T00:00:00+00:00,1611878399999,2021-01-28T23:59:59.999000+00:00,30402.44167727,33803.74959167,29881.78754167,33443.9028434,31842.768566669998
1611878400000,2021-01-29T00:00:00+00:00,1611964799999,2021-01-29T23:59:59.999000+00:00,33458.1,38673.8610851,32008.5,34256.4,35341.18054255
1611964800000,2021-01-30T00:00:00+00:00,1612051199999,2021-01-30T23:59:59.999000+00:00,34267.11644949,34948.94960227,32873.188931,34321.6,33911.06926663499
1612051200000,2021-01-31T00:00:00+00:00,1612137599999,2021-01-31T23:59:59.999000+00:00,34321.1,34380.57151978,32215.12952112,33136.1,33297.85052045
1612137600000,2021-02-01T00:00:00+00:00,1612223999999,2021-02-01T23:59:59.999000+00:00,33136.1,34750.71081843,32341.54354966,33552.03996439,33546.127184045
1612224000000,2021-02-02T00:00:00+00:00,1612310399999,2021-02-02T23:59:59.999000+00:00,33552.03996439,36034.57362247,33458.5,35541.07475909,34746.536811235
1612310400000,2021-02-03T00:00:00+00:00,1612396799999,2021-02-03T23:59:59.999000+00:00,35537.51757727,37735.27926364,35434.80834596,37704.2,36585.0438048
1612396800000,2021-02-04T00:00:00+00:00,1612483199999,2021-02-04T23:59:59.999000+00:00,37706.91879949,38837.54649798,36221.1,37028.4,37529.32324899
1612483200000,2021-02-05T00:00:00+00:00,1612569599999,2021-02-05T23:59:59.999000+00:00,37019.76342399,38393.16701667,36639.6,38351.15963056,37516.383508335
1612569600000,2021-02-06T00:00:00+00:00,1612655999999,2021-02-06T23:59:59.999000+00:00,38343.24872146,41018.4,38293.14421237,39306.6,39655.772106185
1612656000000,2021-02-07T00:00:00+00:00,1612742399999,2021-02-07T23:59:59.999000+00:00,39306.6,39779.14861919,37435.36806871,38893.06687172,38607.25834395
1612742400000,2021-02-08T00:00:00+00:00,1612828799999,2021-02-08T23:59:59.999000+00:00,38893.42323535,46779.72621616,38070.39523065,46465.0,42425.060723405
1612828800000,2021-02-09T00:00:00+00:00,1612915199999,2021-02-09T23:59:59.999000+00:00,46469.2,48263.92743535,45048.12330848,46557.96338131,46656.025371915
1612915200000,2021-02-10T00:00:00+00:00,1613001599999,2021-02-10T23:59:59.999000+00:00,46557.9793553,47469.65870227,43788.1,44900.0,45628.879351134994
1613001600000,2021-02-11T00:00:00+00:00,1613087999999,2021-02-11T23:59:59.999000+00:00,44894.4,48783.09613131,44070.8,48071.18113763,46426.948065655
1613088000000,2021-02-12T00:00:00+00:00,1613174399999,2021-02-12T23:59:59.999000+00:00,48068.83486515,49047.66798586,46276.68043899,47469.7,47662.174212425
1613174400000,2021-02-13T00:00:00+00:00,1613260799999,2021-02-13T23:59:59.999000+00:00,47437.5,48307.34330101,46300.23706206,47269.4,47303.790181535
1613260800000,2021-02-14T00:00:00+00:00,1613347199999,2021-02-14T23:59:59.999000+00:00,47269.4,49812.41679444,47144.0,48704.0,48478.208397220005
1613347200000,2021-02-15T00:00:00+00:00,1613433599999,2021-02-15T23:59:59.999000+00:00,48704.0,49093.11209924,45883.81222601,47977.2,47488.462162625
1613433600000,2021-02-16T00:00:00+00:00,1613519999999,2021-02-16T23:59:59.999000+00:00,47989.5,50744.7857154,47110.18328778,49243.0,48927.48450159
1613520000000,2021-02-17T00:00:00+00:00,1613606399999,2021-02-17T23:59:59.999000+00:00,49210.6,52727.10749091,49025.7,52194.7,50876.403745455
1613606400000,2021-02-18T00:00:00+00:00,1613692799999,2021-02-18T23:59:59.999000+00:00,52194.7,52618.26977449,50930.97797745,51621.9,51774.62387597
1613692800000,2021-02-19T00:00:00+00:00,1613779199999,2021-02-19T23:59:59.999000+00:00,51621.9,56409.05548864,50811.76731756,55978.80539722,53610.4114031
1613779200000,2021-02-20T00:00:00+00:00,1613865599999,2021-02-20T23:59:59.999000+00:00,55978.80539722,57637.33290303,54035.52201428,55989.4,55836.427458655
1613865600000,2021-02-21T00:00:00+00:00,1613951999999,2021-02-21T23:59:59.999000+00:00,55957.1,58505.29673561,55589.77216591,57518.7,57047.534450759995
1613952000000,2021-02-22T00:00:00+00:00,1614038399999,2021-02-22T23:59:59.999000+00:00,57489.9,57613.0046162,47688.26281887,54137.8912952,52650.633717535
1614038400000,2021-02-23T00:00:00+00:00,1614124799999,2021-02-23T23:59:59.999000+00:00,54160.84402247,54190.5562601,44974.26030812,48917.60089116,49582.40828411
1614124800000,2021-02-24T00:00:00+00:00,1614211199999,2021-02-24T23:59:59.999000+00:00,48917.60089116,51423.99170303,47044.9,49727.21735448,49234.445851515
1614211200000,2021-02-25T00:00:00+00:00,1614297599999,2021-02-25T23:59:59.999000+00:00,49729.4,52126.5889149,46718.3,47069.44437449,49422.44445745
1614297600000,2021-02-26T00:00:00+00:00,1614383999999,2021-02-26T23:59:59.999000+00:00,47073.53891995,48472.4,44172.46050077,46329.36488814,46322.430250385005
1614384000000,2021-02-27T00:00:00+00:00,1614470399999,2021-02-27T23:59:59.999000+00:00,46315.51745455,48395.45167146,45046.36424646,46158.55834209,46720.90795896
1614470400000,2021-02-28T00:00:00+00:00,1614556799999,2021-02-28T23:59:59.999000+00:00,46163.73818182,46669.07180808,43042.84602173,45247.18478131,44855.958914905
1614556800000,2021-03-01T00:00:00+00:00,1614643199999,2021-03-01T23:59:59.999000+00:00,45247.1,49853.81257778,45041.3,49663.2,47447.55628889
1614643200000,2021-03-02T00:00:00+00:00,1614729599999,2021-03-02T23:59:59.999000+00:00,49665.17499015,50284.23374419,47090.2,48487.85380472,48687.216872095
1614729600000,2021-03-03T00:00:00+00:00,1614815999999,2021-03-03T23:59:59.999000+00:00,48496.1518899,52689.9,48161.75227457,50388.00655026,50425.826137284996
1614816000000,2021-03-04T00:00:00+00:00,1614902399999,2021-03-04T23:59:59.999000+00:00,50388.00545455,51810.86301768,47507.91367653,48372.8,49659.388347105
1614902400000,2021-03-05T00:00:00+00:00,1614988799999,2021-03-05T23:59:59.999000+00:00,48372.9,49484.01460177,46316.62495006,48782.66424545,47900.319775915006
1614988800000,2021-03-06T00:00:00+00:00,1615075199999,2021-03-06T23:59:59.999000+00:00,48782.65637172,49211.02592656,47092.47039944,48912.05855581,48151.748163
1615075200000,2021-03-07T00:00:00+00:00,1615161599999,2021-03-07T23:59:59.999000+00:00,48917.76401035,51509.15435505,48917.76401035,51003.27063459,50213.4591827
1615161600000,2021-03-08T00:00:00+00:00,1615247999999,2021-03-08T23:59:59.999000+00:00,51025.02518005,52479.68673207,49346.77425203,52462.4,50913.23049205
1615248000000,2021-03-09T00:00:00+00:00,1615334399999,2021-03-09T23:59:59.999000+00:00,52471.64263409,54955.82305808,51949.0,54955.82305808,53452.41152904
1615334400000,2021-03-10T00:00:00+00:00,1615420799999,2021-03-10T23:59:59.999000+00:00,54955.65760354,57480.91193939,53093.8,55936.8,55287.355969694996
1615420800000,2021-03-11T00:00:00+00:00,1615507199999,2021-03-11T23:59:59.999000+00:00,55940.83044394,58260.31116237,54337.3,57890.5,56298.805581185006
1615507200000,2021-03-12T00:00:00+00:00,1615593599999,2021-03-12T23:59:59.999000+00:00,57890.5,58179.77693687,55067.82087488,57298.5,56623.798905875
1615593600000,2021-03-13T00:00:00+00:00,1615679999999,2021-03-13T23:59:59.999000+00:00,57305.3,61925.23825076,56123.0,61237.3,59024.11912538
1615680000000,2021-03-14T00:00:00+00:00,1615766399999,2021-03-14T23:59:59.999000+00:00,61237.2,61773.5213447,59003.2,59022.1,60388.36067235
1615766400000,2021-03-15T00:00:00+00:00,1615852799999,2021-03-15T23:59:59.999000+00:00,59010.0,60699.94177753,54747.32799798,55650.41828157,57723.634887755004
1615852800000,2021-03-16T00:00:00+00:00,1615939199999,2021-03-16T23:59:59.999000+00:00,55658.09945455,56969.98641768,53247.59459343,56958.7971399,55108.790505555
1615939200000,2021-03-17T00:00:00+00:00,1616025599999,2021-03-17T23:59:59.999000+00:00,56958.7971399,59014.67014343,54174.21885861,58964.24298409,56594.44450102
1616025600000,2021-03-18T00:00:00+00:00,1616111999999,2021-03-18T23:59:59.999000+00:00,58969.81754722,60127.11883561,57038.6904993,57640.54608005,58582.904667455005
1616112000000,2021-03-19T00:00:00+00:00,1616198399999,2021-03-19T23:59:59.999000+00:00,57640.48093157,59489.97747753,56291.9187202,58070.6,57890.948098865
1616198400000,2021-03-20T00:00:00+00:00,1616284799999,2021-03-20T23:59:59.999000+00:00,58066.50363636,59973.60060278,57860.8,58157.3,58917.20030139
1616284800000,2021-03-21T00:00:00+00:00,1616371199999,2021-03-21T23:59:59.999000+00:00,58160.6,58638.02655248,55526.70605851,57416.13079697,57082.366305495
1616371200000,2021-03-22T00:00:00+00:00,1616457599999,2021-03-22T23:59:59.999000+00:00,57416.13079697,58488.30857071,53752.16142591,54091.8,56120.23499831
1616457600000,2021-03-23T00:00:00+00:00,1616543999999,2021-03-23T23:59:59.999000+00:00,54092.81272727,55860.24662879,53003.32350174,54364.8,54431.785065265
1616544000000,2021-03-24T00:00:00+00:00,1616630399999,2021-03-24T23:59:59.999000+00:00,54383.2,57239.07253813,51702.20687121,52271.54470455,54470.63970467
1616630400000,2021-03-25T00:00:00+00:00,1616716799999,2021-03-25T23:59:59.999000+00:00,52269.54470455,53207.2,50443.42651912,51324.15126912,51825.313259560004
1616716800000,2021-03-26T00:00:00+00:00,1616803199999,2021-03-26T23:59:59.999000+00:00,51322.47836364,55097.82069304,51262.02926616,55067.45928212,53179.9249796
1616803200000,2021-03-27T00:00:00+00:00,1616889599999,2021-03-27T23:59:59.999000+00:00,55067.45909091,56673.66285556,54030.85534747,55888.8424,55352.259101514996
1616889600000,2021-03-28T00:00:00+00:00,1616975999999,2021-03-28T23:59:59.999000+00:00,55873.5,56585.71499949,54733.7,55806.48576162,55659.707499744996
1616976000000,2021-03-29T00:00:00+00:00,1617062399999,2021-03-29T23:59:59.999000+00:00,55809.1,58468.07675101,54956.9,57680.84598081,56712.488375504996
1617062400000,2021-03-30T00:00:00+00:00,1617148799999,2021-03-30T23:59:59.999000+00:00,57680.90598081,59474.11484949,57111.4,58838.9,58292.757424744996
1617148800000,2021-03-31T00:00:00+00:00,1617235199999,2021-03-31T23:59:59.999000+00:00,58838.9,59926.73322929,56957.20257172,58828.0,58441.967900505
1617235200000,2021-04-01T00:00:00+00:00,1617321599999,2021-04-01T23:59:59.999000+00:00,58825.2,59552.14863788,58006.6,58775.09002626,58779.37431894
1617321600000,2021-04-02T00:00:00+00:00,1617407999999,2021-04-02T23:59:59.999000+00:00,58773.96092323,60307.28771919,58500.0,59037.0,59403.643859595
1617408000000,2021-04-03T00:00:00+00:00,1617494399999,2021-04-03T23:59:59.999000+00:00,59037.1,59865.59852475,56984.3,57155.4,58424.949262375
1617494400000,2021-04-04T00:00:00+00:00,1617580799999,2021-04-04T23:59:59.999000+00:00,57149.9848399,58532.92602374,56528.70293384,58249.19498586,57530.81447879
1617580800000,2021-04-05T00:00:00+00:00,1617667199999,2021-04-05T23:59:59.999000+00:00,58251.13680404,59333.62669848,56839.85615799,59221.00376717,58086.741428235
1617667200000,2021-04-06T00:00:00+00:00,1617753599999,2021-04-06T23:59:59.999000+00:00,59227.7690399,59616.72751768,57449.24728232,58064.64675758,58532.9874
1617753600000,2021-04-07T00:00:00+00:00,1617839999999,2021-04-07T23:59:59.999000+00:00,58066.94384848,58687.96759697,55513.1,55973.4,57100.533798485
1617840000000,2021-04-08T00:00:00+00:00,1617926399999,2021-04-08T23:59:59.999000+00:00,55973.5,58184.53294109,55719.69599946,58133.4,56952.114470275
1617926400000,2021-04-09T00:00:00+00:00,1618012799999,2021-04-09T23:59:59.999000+00:00,58131.21094495,58952.52803384,57711.22541717,58146.9,58331.876725505
1618012800000,2021-04-10T00:00:00+00:00,1618099199999,2021-04-10T23:59:59.999000+00:00,58146.8,61490.30683081,57916.1,59824.15682071,59703.203415405
1618099200000,2021-04-11T00:00:00+00:00,1618185599999,2021-04-11T23:59:59.999000+00:00,59824.15682071,60767.80874697,59287.0,60050.63871296,60027.404373485
1618185600000,2021-04-12T00:00:00+00:00,1618271999999,2021-04-12T23:59:59.999000+00:00,60050.63871296,61358.42248737,59455.82717673,59891.9,60407.12483205
1618272000000,2021-04-13T00:00:00+00:00,1618358399999,2021-04-13T23:59:59.999000+00:00,59891.9,63820.4417404,59850.72126616,63650.0,61835.58150328
1618358400000,2021-04-14T00:00:00+00:00,1618444799999,2021-04-14T23:59:59.999000+00:00,63654.3,65005.7,61376.0,63041.85916818,63190.85
1618444800000,2021-04-15T00:00:00+00:00,1618531199999,2021-04-15T23:59:59.999000+00:00,63040.77548939,63918.86889747,62149.30212273,63295.30250101,63034.0855101
1618531200000,2021-04-16T00:00:00+00:00,1618617599999,2021-04-16T23:59:59.999000+00:00,63295.30250101,63644.0,60112.6,61483.5,61878.3
1618617600000,2021-04-17T00:00:00+00:00,1618703999999,2021-04-17T23:59:59.999000+00:00,61483.5,62625.3,59711.86791196,60139.6,61168.58395598
1618704000000,2021-04-18T00:00:00+00:00,1618790399999,2021-04-18T23:59:59.999000+00:00,60139.6,60475.0,51704.42269687,56250.7,56089.711348435
1618790400000,2021-04-19T00:00:00+00:00,1618876799999,2021-04-19T23:59:59.999000+00:00,56250.7,57593.9,54316.2,55687.23217071,55955.05
1618876800000,2021-04-20T00:00:00+00:00,1618963199999,2021-04-20T23:59:59.999000+00:00,55689.6,57113.0,53406.9,56499.81878687,55259.95
1618963200000,2021-04-21T00:00:00+00:00,1619049599999,2021-04-21T23:59:59.999000+00:00,56505.0,56822.01392374,53660.22260025,53832.39141566,55241.118261995
1619049600000,2021-04-22T00:00:00+00:00,1619135999999,2021-04-22T23:59:59.999000+00:00,53835.77141566,55501.67186869,50581.03261768,51723.55308737,53041.352243185
1619136000000,2021-04-23T00:00:00+00:00,1619222399999,2021-04-23T23:59:59.999000+00:00,51721.86945101,52121.37915633,47529.12726944,51145.56282576,49825.253212885
1619222400000,2021-04-24T00:00:00+00:00,1619308799999,2021-04-24T23:59:59.999000+00:00,51147.77373485,51187.62257273,48745.10506637,50116.0,49966.363819549995
1619308800000,2021-04-25T00:00:00+00:00,1619395199999,2021-04-25T23:59:59.999000+00:00,50115.7,50595.9140798,47031.53294747,49086.6,48813.723513635
1619395200000,2021-04-26T00:00:00+00:00,1619481599999,2021-04-26T23:59:59.999000+00:00,49086.7,54394.79859572,48811.79529848,54044.8,51603.296947099996
1619481600000,2021-04-27T00:00:00+00:00,1619567999999,2021-04-27T23:59:59.999000+00:00,54044.8,55499.5,53304.50659192,55076.42653889,54402.00329596
1619568000000,2021-04-28T00:00:00+00:00,1619654399999,2021-04-28T23:59:59.999000+00:00,55076.42835707,56484.63395808,53911.3,54865.33137576,55197.96697904
1619654400000,2021-04-29T00:00:00+00:00,1619740799999,2021-04-29T23:59:59.999000+00:00,54878.49319394,55226.5,52406.54387104,53581.1,53816.521935519995
1619740800000,2021-04-30T00:00:00+00:00,1619827199999,2021-04-30T23:59:59.999000+00:00,53581.1,57994.4750798,53084.2,57751.2,55539.3375399
1619827200000,2021-05-01T00:00:00+00:00,1619913599999,2021-05-01T23:59:59.999000+00:00,57751.2,58536.44487525,57119.50105758,57888.84473636,57827.972966415
1619913600000,2021-05-02T00:00:00+00:00,1619999999999,2021-05-02T23:59:59.999000+00:00,57888.84473636,57998.0,56134.2,56649.1,57066.1
1620000000000,2021-05-03T00:00:00+00:00,1620086399999,2021-05-03T23:59:59.999000+00:00,56649.1,59056.09771818,56536.19113283,57209.20227323,57796.144425505
1620086400000,2021-05-04T00:00:00+00:00,1620172799999,2021-05-04T23:59:59.999000+00:00,57214.16045505,57242.90499394,53139.84103232,53246.49423182,55191.373013129996
1620172800000,2021-05-05T00:00:00+00:00,1620259199999,2021-05-05T23:59:59.999000+00:00,53246.49423182,57956.4,52974.26508182,57548.99511515,55465.33254091
1620259200000,2021-05-06T00:00:00+00:00,1620345599999,2021-05-06T23:59:59.999000+00:00,57551.9205697,58467.25838485,55332.23487222,56442.0,56899.746628534995
1620345600000,2021-05-07T00:00:00+00:00,1620431999999,2021-05-07T23:59:59.999000+00:00,56442.0,58789.88587677,55321.6,57409.4,57055.742938384996
1620432000000,2021-05-08T00:00:00+00:00,1620518399999,2021-05-08T23:59:59.999000+00:00,57409.3,59609.65823283,57008.5,59022.67086212,58309.079116415
1620518400000,2021-05-09T00:00:00+00:00,1620604799999,2021-05-09T23:59:59.999000+00:00,59018.55086212,59353.12314495,56315.67162651,58321.30239242,57834.39738573
1620604800000,2021-05-10T00:00:00+00:00,1620691199999,2021-05-10T23:59:59.999000+00:00,58321.30239242,59656.37972879,53799.31083299,55916.12761414,56727.845280890004
1620691200000,2021-05-11T00:00:00+00:00,1620777599999,2021-05-11T23:59:59.999000+00:00,55916.12761414,56944.95735253,54541.43118232,56784.61126515,55743.194267425
1620777600000,2021-05-12T00:00:00+00:00,1620863999999,2021-05-12T23:59:59.999000+00:00,56784.61126515,58050.17718131,48769.87341352,49535.32453636,53410.025297415
1620864000000,2021-05-13T00:00:00+00:00,1620950399999,2021-05-13T23:59:59.999000+00:00,49535.32453636,51379.65489495,46431.48366939,49710.17718838,48905.56928217
1620950400000,2021-05-14T00:00:00+00:00,1621036799999,2021-05-14T23:59:59.999000+00:00,49710.17718838,51548.64015557,48895.00893232,49888.53044091,50221.824543945
1621036800000,2021-05-15T00:00:00+00:00,1621123199999,2021-05-15T23:59:59.999000+00:00,49888.53044091,50710.85630758,46596.23514062,46766.85709343,48653.5457241
1621123200000,2021-05-16T00:00:00+00:00,1621209599999,2021-05-16T23:59:59.999000+00:00,46777.90949949,49802.79360051,43855.06982374,46444.12416126,46828.931712125
1621209600000,2021-05-17T00:00:00+00:00,1621295999999,2021-05-17T23:59:59.999000+00:00,46448.0,46636.98404802,42133.63563734,43549.90687849,44385.30984268
1621296000000,2021-05-18T00:00:00+00:00,1621382399999,2021-05-18T23:59:59.999000+00:00,43559.05763636,45834.84378234,42292.94902475,42890.65033535,44063.896403545004
1621382400000,2021-05-19T00:00:00+00:00,1621468799999,2021-05-19T23:59:59.999000+00:00,42872.81033535,43586.32609506,29320.49343496,36731.37958939,36453.40976501
1621468800000,2021-05-20T00:00:00+00:00,1621555199999,2021-05-20T23:59:59.999000+00:00,36721.75818182,42512.3942101,35011.07153394,40575.4,38761.73287202
1621555200000,2021-05-21T00:00:00+00:00,1621641599999,2021-05-21T23:59:59.999000+00:00,40593.66783333,42242.53957168,33525.45257828,37303.07802626,37883.996074979994
1621641600000,2021-05-22T00:00:00+00:00,1621727999999,2021-05-22T23:59:59.999000+00:00,37300.24711717,38840.7379177,35237.38000657,37465.0,37039.05896213499
1621728000000,2021-05-23T00:00:00+00:00,1621814399999,2021-05-23T23:59:59.999000+00:00,37475.71218182,38281.75734596,31100.5161803,34658.2,34691.13676313
1621814400000,2021-05-24T00:00:00+00:00,1621900799999,2021-05-24T23:59:59.999000+00:00,34680.0,39919.6,34441.23974216,38836.5096803,37180.41987108
1621900800000,2021-05-25T00:00:00+00:00,1621987199999,2021-05-25T23:59:59.999000+00:00,38847.75318182,39833.93847042,36496.51885,38376.6,38165.22866021
1621987200000,2021-05-26T00:00:00+00:00,1622073599999,2021-05-26T23:59:59.999000+00:00,38357.0,40882.41697388,37833.9,39278.0,39358.158486939996
1622073600000,2021-05-27T00:00:00+00:00,1622159999999,2021-05-27T23:59:59.999000+00:00,39278.0,40419.77543131,37183.8755298,38523.6734974,38801.825480555
1622160000000,2021-05-28T00:00:00+00:00,1622246399999,2021-05-28T23:59:59.999000+00:00,38529.9,38874.97973019,34713.74859192,35682.5342753,36794.364161055
1622246400000,2021-05-29T00:00:00+00:00,1622332799999,2021-05-29T23:59:59.999000+00:00,35682.53436364,37342.99969545,33662.25930909,34594.54261667,35502.62950227
1622332800000,2021-05-30T00:00:00+00:00,1622419199999,2021-05-30T23:59:59.999000+00:00,34611.5,36497.28640574,33411.35015354,35663.28250101,34954.31827964
1622419200000,2021-05-31T00:00:00+00:00,1622505599999,2021-05-31T23:59:59.999000+00:00,35661.3,37500.0,34176.7,37283.88685354,35838.35
1622505600000,2021-06-01T00:00:00+00:00,1622591999999,2021-06-01T23:59:59.999000+00:00,37281.3704899,37898.95118081,35714.2,36682.2,36806.575590405
1622592000000,2021-06-02T00:00:00+00:00,1622678399999,2021-06-02T23:59:59.999000+00:00,36682.3,38225.23072162,35926.3,37565.0,37075.76536081
1622678400000,2021-06-03T00:00:00+00:00,1622764799999,2021-06-03T23:59:59.999000+00:00,37565.0,39456.65353384,37184.40391111,39223.0,38320.528722475
1622764800000,2021-06-04T00:00:00+00:00,1622851199999,2021-06-04T23:59:59.999000+00:00,39228.2,39268.9,35585.53344141,36848.65738737,37427.216720705
1622851200000,2021-06-05T00:00:00+00:00,1622937599999,2021-06-05T23:59:59.999000+00:00,36848.65738737,37905.6,34833.61648081,35510.2,36369.608240404996
1622937600000,2021-06-06T00:00:00+00:00,1623023999999,2021-06-06T23:59:59.999000+00:00,35510.2,36464.74877487,35248.21064697,35804.9,35856.47971092
1623024000000,2021-06-07T00:00:00+00:00,1623110399999,2021-06-07T23:59:59.999000+00:00,35804.9,36805.68230152,33327.30190354,33567.97335253,35066.49210253
1623110400000,2021-06-08T00:00:00+00:00,1623196799999,2021-06-08T23:59:59.999000+00:00,33566.15589798,34032.7921399,31033.52834687,33400.0,32533.160243385
1623196800000,2021-06-09T00:00:00+00:00,1623283199999,2021-06-09T23:59:59.999000+00:00,33399.9,37515.04002222,32420.1,37379.2,34967.57001111
1623283200000,2021-06-10T00:00:00+00:00,1623369599999,2021-06-10T23:59:59.999000+00:00,37379.1,38419.1,35815.22608081,36680.1,37117.163040405
1623369600000,2021-06-11T00:00:00+00:00,1623455999999,2021-06-11T23:59:59.999000+00:00,36680.0,37662.2,35969.10000404,37322.26834949,36815.650002020004
1623456000000,2021-06-12T00:00:00+00:00,1623542399999,2021-06-12T23:59:59.999000+00:00,37322.26834949,37444.30171041,34630.5541096,35534.0,36037.427910005004
1623542400000,2021-06-13T00:00:00+00:00,1623628799999,2021-06-13T23:59:59.999000+00:00,35534.4,39348.70974343,34772.43460101,39025.14909646,37060.572172219996
1623628800000,2021-06-14T00:00:00+00:00,1623715199999,2021-06-14T23:59:59.999000+00:00,39025.14909646,41001.4,38767.85636364,40505.8,39884.62818182
1623715200000,2021-06-15T00:00:00+00:00,1623801599999,2021-06-15T23:59:59.999000+00:00,40506.48400253,41313.0,39542.04712071,40136.4,40427.523560354995
1623801600000,2021-06-16T00:00:00+00:00,1623887999999,2021-06-16T23:59:59.999000+00:00,40136.5,40474.11569899,38097.90152475,38332.79475909,39286.00861187
1623888000000,2021-06-17T00:00:00+00:00,1623974399999,2021-06-17T23:59:59.999000+00:00,38332.79475909,39530.52567504,37356.34690354,38056.32896212,38443.436289289995
1623974400000,2021-06-18T00:00:00+00:00,1624060799999,2021-06-18T23:59:59.999000+00:00,38056.41441667,38167.3,35126.34573333,35794.2,36646.822866665
1624060800000,2021-06-19T00:00:00+00:00,1624147199999,2021-06-19T23:59:59.999000+00:00,35806.82867374,36437.67583204,34838.2,35496.69911818,35637.93791602
1624147200000,2021-06-20T00:00:00+00:00,1624233599999,2021-06-20T23:59:59.999000+00:00,35490.11204545,36090.8,33327.49624949,35589.9,34709.148124745
1624233600000,2021-06-21T00:00:00+00:00,1624319999999,2021-06-21T23:59:59.999000+00:00,35589.9,35733.6671197,31251.38542374,31616.73848535,33492.52627172
1624320000000,2021-06-22T00:00:00+00:00,1624406399999,2021-06-22T23:59:59.999000+00:00,31613.06036566,33286.20552546,28808.72959343,32517.5,31047.467559445
1624406400000,2021-06-23T00:00:00+00:00,1624492799999,2021-06-23T23:59:59.999000+00:00,32520.4,34813.83911616,31717.8,33660.6,33265.81955808
1624492800000,2021-06-24T00:00:00+00:00,1624579199999,2021-06-24T23:59:59.999000+00:00,33662.9,35264.43132089,32319.85654596,34650.53054901,33792.143933425
1624579200000,2021-06-25T00:00:00+00:00,1624665599999,2021-06-25T23:59:59.999000+00:00,34650.53054901,35488.18104394,31269.0,31579.63949596,33378.59052197
1624665600000,2021-06-26T00:00:00+00:00,1624751999999,2021-06-26T23:59:59.999000+00:00,31575.97222323,32695.32676859,30131.27245455,32268.9,31413.29961157
1624752000000,2021-06-27T00:00:00+00:00,1624838399999,2021-06-27T23:59:59.999000+00:00,32251.8,34720.55093364,31987.0722298,34693.85050744,33353.81158172
1624838400000,2021-06-28T00:00:00+00:00,1624924799999,2021-06-28T23:59:59.999000+00:00,34694.4,35286.03643208,33889.18084353,34480.9,34587.608637804995
1624924800000,2021-06-29T00:00:00+00:00,1625011199999,2021-06-29T23:59:59.999000+00:00,34480.9,36603.3,34243.54111717,35919.40325758,35423.420558585
1625011200000,2021-06-30T00:00:00+00:00,1625097599999,2021-06-30T23:59:59.999000+00:00,35919.00143939,36103.3,34051.3,35041.5,35077.3
1625097600000,2021-07-01T00:00:00+00:00,1625183999999,2021-07-01T23:59:59.999000+00:00,35043.5,35055.3,32719.7,33526.74764545,33887.5
1625184000000,2021-07-02T00:00:00+00:00,1625270399999,2021-07-02T23:59:59.999000+00:00,33518.43829596,33956.4,32699.08460303,33782.92069848,33327.742301515
1625270400000,2021-07-03T00:00:00+00:00,1625356799999,2021-07-03T23:59:59.999000+00:00,33782.83260758,34940.0,33328.1,34672.37487727,34134.05
1625356800000,2021-07-04T00:00:00+00:00,1625443199999,2021-07-04T23:59:59.999000+00:00,34672.39996869,35957.1,34365.4,35282.8,35161.25
1625443200000,2021-07-05T00:00:00+00:00,1625529599999,2021-07-05T23:59:59.999000+00:00,35282.8,35282.8,33135.63006818,33692.40696818,34209.21503409
1625529600000,2021-07-06T00:00:00+00:00,1625615999999,2021-07-06T23:59:59.999000+00:00,33692.40333182,35090.72701939,33519.78428636,34219.97044192,34305.255652875
1625616000000,2021-07-07T00:00:00+00:00,1625702399999,2021-07-07T23:59:59.999000+00:00,34217.03953283,35060.09304749,33779.14187879,33846.10860859,34419.61746314
1625702400000,2021-07-08T00:00:00+00:00,1625788799999,2021-07-08T23:59:59.999000+00:00,33846.10860859,33911.0,32094.07693788,32863.57611061,33002.53846894
1625788800000,2021-07-09T00:00:00+00:00,1625875199999,2021-07-09T23:59:59.999000+00:00,32864.19065606,34083.04739984,32275.55840808,33808.2,33179.30290396
1625875200000,2021-07-10T00:00:00+00:00,1625961599999,2021-07-10T23:59:59.999000+00:00,33808.2,34238.9,33017.42971717,33503.9,33628.164858585005
1625961600000,2021-07-11T00:00:00+00:00,1626047999999,2021-07-11T23:59:59.999000+00:00,33503.9,34597.06286366,33317.5747298,34243.11557345,33957.318796730004
1626048000000,2021-07-12T00:00:00+00:00,1626134399999,2021-07-12T23:59:59.999000+00:00,34243.11545455,34653.07217559,32657.12063333,33095.49335556,33655.09640446
1626134400000,2021-07-13T00:00:00+00:00,1626220799999,2021-07-13T23:59:59.999000+00:00,33094.02062828,33327.0,32187.53104495,32721.1,32757.265522474998
1626220800000,2021-07-14T00:00:00+00:00,1626307199999,2021-07-14T23:59:59.999000+00:00,32721.1,33090.9,31584.15897879,32804.3888601,32337.529489395
1626307200000,2021-07-15T00:00:00+00:00,1626393599999,2021-07-15T23:59:59.999000+00:00,32803.86522374,33178.47742242,31133.71223737,31852.31968276,32156.094829895002
1626393600000,2021-07-16T00:00:00+00:00,1626479999999,2021-07-16T23:59:59.999000+00:00,31851.52527273,32231.9,31029.30360354,31374.6,31630.60180177
1626480000000,2021-07-17T00:00:00+00:00,1626566399999,2021-07-17T23:59:59.999000+00:00,31375.2673702,31938.94818346,31161.25295556,31495.0888096,31550.100569510003
1626566400000,2021-07-18T00:00:00+00:00,1626652799999,2021-07-18T23:59:59.999000+00:00,31495.14305152,32428.6,31114.78690505,31765.2,31771.693452525
1626652800000,2021-07-19T00:00:00+00:00,1626739199999,2021-07-19T23:59:59.999000+00:00,31765.2,31885.0,30427.04297172,30813.8,31156.02148586
1626739200000,2021-07-20T00:00:00+00:00,1626825599999,2021-07-20T23:59:59.999000+00:00,30815.9,31041.3,29289.89013737,29773.9375399,30165.595068684997
1626825600000,2021-07-21T00:00:00+00:00,1626911999999,2021-07-21T23:59:59.999000+00:00,29773.9375399,32797.88865381,29491.8,32104.80318232,31144.844326904997
1626912000000,2021-07-22T00:00:00+00:00,1626998399999,2021-07-22T23:59:59.999000+00:00,32111.1,32576.37817121,31718.9,32285.91677877,32147.639085605
1626998400000,2021-07-23T00:00:00+00:00,1627084799999,2021-07-23T23:59:59.999000+00:00,32286.7,33615.78428535,32002.0,33615.78428535,32808.892142675
1627084800000,2021-07-24T00:00:00+00:00,1627171199999,2021-07-24T23:59:59.999000+00:00,33618.75155808,34497.0,33404.74750354,34251.3,33950.87375177
1627171200000,2021-07-25T00:00:00+00:00,1627257599999,2021-07-25T23:59:59.999000+00:00,34256.11654242,35425.49145004,33858.02414646,35410.4,34641.75779824999
1627257600000,2021-07-26T00:00:00+00:00,1627343999999,2021-07-26T23:59:59.999000+00:00,35408.9,40549.3692942,35248.03870808,37252.49497273,37898.704001139995
1627344000000,2021-07-27T00:00:00+00:00,1627430399999,2021-07-27T23:59:59.999000+00:00,37250.65456818,39525.21646401,36410.9,39480.0,37968.058232005
1627430400000,2021-07-28T00:00:00+00:00,1627516799999,2021-07-28T23:59:59.999000+00:00,39480.0,40902.0977533,38798.8463904,40021.38577533,39850.47207185
1627516800000,2021-07-29T00:00:00+00:00,1627603199999,2021-07-29T23:59:59.999000+00:00,40016.9,40642.16127533,39274.21721667,40024.3,39958.189245999994
1627603200000,2021-07-30T00:00:00+00:00,1627689599999,2021-07-30T23:59:59.999000+00:00,40024.3,42311.48717737,38327.59144394,42237.97144016,40319.539310655004
1627689600000,2021-07-31T00:00:00+00:00,1627775999999,2021-07-31T23:59:59.999000+00:00,42237.0,42388.32568535,41056.17737727,41469.7,41722.25153131
1627776000000,2021-08-01T00:00:00+00:00,1627862399999,2021-08-01T23:59:59.999000+00:00,41464.9,42596.38308284,39411.06081667,39848.47239697,41003.721949754996
1627862400000,2021-08-02T00:00:00+00:00,1627948799999,2021-08-02T23:59:59.999000+00:00,39854.07577424,40442.6,38680.22093535,39152.09598182,39561.410467675
1627948800000,2021-08-03T00:00:00+00:00,1628035199999,2021-08-03T23:59:59.999000+00:00,39150.3,39767.2734399,37638.3,38184.0,38702.78671995
1628035200000,2021-08-04T00:00:00+00:00,1628121599999,2021-08-04T23:59:59.999000+00:00,38182.75254545,39962.2,37529.54558743,39742.20368902,38745.872793714996
1628121600000,2021-08-05T00:00:00+00:00,1628207999999,2021-08-05T23:59:59.999000+00:00,39738.64210707,41379.54393088,37324.84206212,40886.0,39352.1929965
1628208000000,2021-08-06T00:00:00+00:00,1628294399999,2021-08-06T23:59:59.999000+00:00,40887.3,43366.71172636,39905.78038485,42852.52178516,41636.246055605
1628294400000,2021-08-07T00:00:00+00:00,1628380799999,2021-08-07T23:59:59.999000+00:00,42854.0,44732.39356728,42500.0,44613.40829242,43616.19678364
1628380800000,2021-08-08T00:00:00+00:00,1628467199999,2021-08-08T23:59:59.999000+00:00,44612.80465606,45343.92018991,43304.325018,43820.23011579,44324.122603955
1628467200000,2021-08-09T00:00:00+00:00,1628553599999,2021-08-09T23:59:59.999000+00:00,43820.23011579,46497.6,42827.01340709,46293.04106983,44662.306703545
1628553600000,2021-08-10T00:00:00+00:00,1628639999999,2021-08-10T23:59:59.999000+00:00,46288.0,46729.54233485,44658.06233182,45583.1,45693.802333335
1628640000000,2021-08-11T00:00:00+00:00,1628726399999,2021-08-11T23:59:59.999000+00:00,45584.20237121,46764.4,45350.8,45543.75875,46057.600000000006
1628726400000,2021-08-12T00:00:00+00:00,1628812799999,2021-08-12T23:59:59.999000+00:00,45543.75875,46215.0,43815.36767525,44398.0,45015.183837625
1628812800000,2021-08-13T00:00:00+00:00,1628899199999,2021-08-13T23:59:59.999000+00:00,44398.0,47923.79270556,44228.35374646,47816.42763788,46076.073226010005
1628899200000,2021-08-14T00:00:00+00:00,1628985599999,2021-08-14T23:59:59.999000+00:00,47816.42763788,48147.71511388,46038.23676313,47094.2,47092.975938505
1628985600000,2021-08-15T00:00:00+00:00,1629071999999,2021-08-15T23:59:59.999000+00:00,47094.2,47395.6414504,45511.08694343,47017.39225859,46453.364196915
1629072000000,2021-08-16T00:00:00+00:00,1629158399999,2021-08-16T23:59:59.999000+00:00,47017.72771313,48067.36036841,45671.4,45899.52792374,46869.380184205
1629158400000,2021-08-17T00:00:00+00:00,1629244799999,2021-08-17T23:59:59.999000+00:00,45899.52792374,47161.76937778,44424.10463182,44653.7,45792.9370048
1629244800000,2021-08-18T00:00:00+00:00,1629331199999,2021-08-18T23:59:59.999000+00:00,44655.77782424,46022.73252393,44216.9,44704.1,45119.816261964996
1629331200000,2021-08-19T00:00:00+00:00,1629417599999,2021-08-19T23:59:59.999000+00:00,44704.1,47068.63659747,43944.69562475,46771.3,45506.66611111
1629417600000,2021-08-20T00:00:00+00:00,1629503999999,2021-08-20T23:59:59.999000+00:00,46769.93370101,49397.04352929,46655.98639992,49348.7,48026.514964605
1629504000000,2021-08-21T00:00:00+00:00,1629590399999,2021-08-21T23:59:59.999000+00:00,49351.9729798,49807.09284293,48288.36572525,48862.9313697,49047.72928409
1629590400000,2021-08-22T00:00:00+00:00,1629676799999,2021-08-22T23:59:59.999000+00:00,48862.5209202,49522.8,48100.83395505,49291.2,48811.816977525
1629676800000,2021-08-23T00:00:00+00:00,1629763199999,2021-08-23T23:59:59.999000+00:00,49289.9,50529.99814293,49059.85348182,49527.88835379,49794.925812375004
1629763200000,2021-08-24T00:00:00+00:00,1629849599999,2021-08-24T23:59:59.999000+00:00,49526.5,49870.6,47602.26948939,47702.61504747,48736.434744695
1629849600000,2021-08-25T00:00:00+00:00,1629935999999,2021-08-25T23:59:59.999000+00:00,47696.93322929,49263.49435808,47128.4,49008.52287424,48195.94717904
1629936000000,2021-08-26T00:00:00+00:00,1630022399999,2021-08-26T23:59:59.999000+00:00,49007.88773788,49374.3,46296.31469343,46837.9,47835.307346715
1630022400000,2021-08-27T00:00:00+00:00,1630108799999,2021-08-27T23:59:59.999000+00:00,46838.07428333,49171.15662667,46361.1307202,49082.15017042,47766.143673435
1630108800000,2021-08-28T00:00:00+00:00,1630195199999,2021-08-28T23:59:59.999000+00:00,49079.70636364,49306.54567169,48416.21111049,48915.28350318,48861.37839109
1630195200000,2021-08-29T00:00:00+00:00,1630281599999,2021-08-29T23:59:59.999000+00:00,48915.28333333,49656.455506,47864.00381375,48797.45393889,48760.229659874996
1630281600000,2021-08-30T00:00:00+00:00,1630367999999,2021-08-30T23:59:59.999000+00:00,48797.45393889,48901.66349899,46869.50433434,46987.8,47885.583916665
1630368000000,2021-08-31T00:00:00+00:00,1630454399999,2021-08-31T23:59:59.999000+00:00,46987.9,48275.26008586,46700.2,47151.0,47487.730042929994
1630454400000,2021-09-01T00:00:00+00:00,1630540799999,2021-09-01T23:59:59.999000+00:00,47151.0,49129.0,46539.5,48857.7,47834.25
1630540800000,2021-09-02T00:00:00+00:00,1630627199999,2021-09-02T23:59:59.999000+00:00,48857.8,50423.34112121,48642.7,49293.2,49533.020560605
1630627200000,2021-09-03T00:00:00+00:00,1630713599999,2021-09-03T23:59:59.999000+00:00,49301.54086212,51084.76294141,48376.4071456,50034.4,49730.585043505
1630713600000,2021-09-04T00:00:00+00:00,1630799999999,2021-09-04T23:59:59.999000+00:00,50034.4,50591.26500808,49435.03515367,49964.0,50013.150080875
1630800000000,2021-09-05T00:00:00+00:00,1630886399999,2021-09-05T23:59:59.999000+00:00,49964.0,51941.3,49518.68695464,51827.7,50729.99347732
1630886400000,2021-09-06T00:00:00+00:00,1630972799999,2021-09-06T23:59:59.999000+00:00,51827.7,52819.38774293,51072.3,52721.6,51945.843871465
1630972800000,2021-09-07T00:00:00+00:00,1631059199999,2021-09-07T23:59:59.999000+00:00,52721.6,52960.4,42947.71273232,46828.26743533,47954.05636616
1631059200000,2021-09-08T00:00:00+00:00,1631145599999,2021-09-08T23:59:59.999000+00:00,46851.4,47340.53144192,44457.20970707,46055.7,45898.870574495
1631145600000,2021-09-09T00:00:00+00:00,1631231999999,2021-09-09T23:59:59.999000+00:00,46055.6,47383.5,45534.51322172,46369.7,46459.00661086
1631232000000,2021-09-10T00:00:00+00:00,1631318399999,2021-09-10T23:59:59.999000+00:00,46369.7,47011.1,44170.03594525,44832.4,45590.567972624995
1631318400000,2021-09-11T00:00:00+00:00,1631404799999,2021-09-11T23:59:59.999000+00:00,44832.4,45988.46211111,44720.4548596,45166.04924774,45354.458485355004
1631404800000,2021-09-12T00:00:00+00:00,1631491199999,2021-09-12T23:59:59.999000+00:00,45166.04909091,46450.10899514,44752.84321212,46046.2883417,45601.476103630004
1631491200000,2021-09-13T00:00:00+00:00,1631577599999,2021-09-13T23:59:59.999000+00:00,46032.85727273,46852.55540404,43465.27717626,44956.11209444,45158.91629015
1631577600000,2021-09-14T00:00:00+00:00,1631663999999,2021-09-14T23:59:59.999000+00:00,44958.3,47249.3,44705.00803377,47118.1,45977.154016885004
1631664000000,2021-09-15T00:00:00+00:00,1631750399999,2021-09-15T23:59:59.999000+00:00,47111.7,48445.22364223,46708.7182101,48129.11873889,47576.970926165
1631750400000,2021-09-16T00:00:00+00:00,1631836799999,2021-09-16T23:59:59.999000+00:00,48128.9641096,48486.9,47042.50835813,47754.0,47764.704179065
1631836800000,2021-09-17T00:00:00+00:00,1631923199999,2021-09-17T23:59:59.999000+00:00,47754.0,48163.3838899,46750.22473485,47279.3,47456.804312374996
1631923200000,2021-09-18T00:00:00+00:00,1632009599999,2021-09-18T23:59:59.999000+00:00,47279.3,48815.3,47048.70362323,48279.47268889,47932.001811615
1632009600000,2021-09-19T00:00:00+00:00,1632095999999,2021-09-19T23:59:59.999000+00:00,48281.92723434,48355.0,46844.53291111,47245.11752172,47599.766455555
1632096000000,2021-09-20T00:00:00+00:00,1632182399999,2021-09-20T23:59:59.999000+00:00,47245.11388535,47329.33095752,42496.95964848,43003.05005841,44913.145303
1632182400000,2021-09-21T00:00:00+00:00,1632268799999,2021-09-21T23:59:59.999000+00:00,43004.1,43611.09908283,39570.64924545,40678.12017444,41590.87416414
1632268800000,2021-09-22T00:00:00+00:00,1632355199999,2021-09-22T23:59:59.999000+00:00,40678.12009091,43987.3,40565.36389091,43548.2,42276.331945455
1632355200000,2021-09-23T00:00:00+00:00,1632441599999,2021-09-23T23:59:59.999000+00:00,43548.2,44979.33531511,43087.7,44859.57116111,44033.517657555
1632441600000,2021-09-24T00:00:00+00:00,1632527999999,2021-09-24T23:59:59.999000+00:00,44859.67661566,45137.6,40740.33993889,42836.82949596,42938.969969444996
1632528000000,2021-09-25T00:00:00+00:00,1632614399999,2021-09-25T23:59:59.999000+00:00,42839.9658596,42973.1,41681.6,42675.7,42327.35
1632614400000,2021-09-26T00:00:00+00:00,1632700799999,2021-09-26T23:59:59.999000+00:00,42675.6,43925.30677429,40774.9,43190.38637424,42350.103387145005
1632700800000,2021-09-27T00:00:00+00:00,1632787199999,2021-09-27T23:59:59.999000+00:00,43184.03910152,44358.43011285,42096.52030253,42142.1,43227.475207690004
1632787200000,2021-09-28T00:00:00+00:00,1632873599999,2021-09-28T23:59:59.999000+00:00,42141.4,42765.35694392,40875.7568596,41012.31503889,41820.55690176
1632873600000,2021-09-29T00:00:00+00:00,1632959999999,2021-09-29T23:59:59.999000+00:00,41006.92591919,42575.49916633,40735.29025707,41500.05181717,41655.394711700006
1632960000000,2021-09-30T00:00:00+00:00,1633046399999,2021-09-30T23:59:59.999000+00:00,41501.29545354,44103.5,41393.2,43802.2,42748.35
