open_time_ms,open_time,close_time_ms,close_time,open,high,low,close,hl2_mid,volume
1609459200000,2021-01-01T00:00:00+00:00,1609545599999,2021-01-01T23:59:59.999000+00:00,28923.63,29600.0,28624.57,29331.69,29112.285,54182.925011
1609545600000,2021-01-02T00:00:00+00:00,1609631999999,2021-01-02T23:59:59.999000+00:00,29331.7,33300.0,28946.53,32178.33,31123.265,129993.873362
1609632000000,2021-01-03T00:00:00+00:00,1609718399999,2021-01-03T23:59:59.999000+00:00,32176.45,34778.11,31962.99,33000.05,33370.55,120957.56675
1609718400000,2021-01-04T00:00:00+00:00,1609804799999,2021-01-04T23:59:59.999000+00:00,33000.05,33600.0,28130.0,31988.71,30865.0,140899.88569
1609804800000,2021-01-05T00:00:00+00:00,1609891199999,2021-01-05T23:59:59.999000+00:00,31989.75,34360.0,29900.0,33949.53,32130.0,116049.997038
1609891200000,2021-01-06T00:00:00+00:00,1609977599999,2021-01-06T23:59:59.999000+00:00,33949.53,36939.21,33288.0,36769.36,35113.604999999996,127139.20131
1609977600000,2021-01-07T00:00:00+00:00,1610063999999,2021-01-07T23:59:59.999000+00:00,36769.36,40365.0,36300.0,39432.28,38332.5,132825.700437
1610064000000,2021-01-08T00:00:00+00:00,1610150399999,2021-01-08T23:59:59.999000+00:00,39432.48,41950.0,36500.0,40582.81,39225.0,139789.957499
1610150400000,2021-01-09T00:00:00+00:00,1610236799999,2021-01-09T23:59:59.999000+00:00,40586.96,41380.0,38720.0,40088.22,40050.0,75785.979675
1610236800000,2021-01-10T00:00:00+00:00,1610323199999,2021-01-10T23:59:59.999000+00:00,40088.22,41350.0,35111.11,38150.02,38230.555,118209.544503
1610323200000,2021-01-11T00:00:00+00:00,1610409599999,2021-01-11T23:59:59.999000+00:00,38150.02,38264.74,30420.0,35404.47,34342.369999999995,251156.138287
1610409600000,2021-01-12T00:00:00+00:00,1610495999999,2021-01-12T23:59:59.999000+00:00,35410.37,36628.0,32531.0,34051.24,34579.5,133948.151996
1610496000000,2021-01-13T00:00:00+00:00,1610582399999,2021-01-13T23:59:59.999000+00:00,34049.15,37850.0,32380.0,37371.38,35115.0,124477.914938
1610582400000,2021-01-14T00:00:00+00:00,1610668799999,2021-01-14T23:59:59.999000+00:00,37371.38,40100.0,36701.23,39144.5,38400.615000000005,102950.389421
1610668800000,2021-01-15T00:00:00+00:00,1610755199999,2021-01-15T23:59:59.999000+00:00,39145.21,39747.76,34408.0,36742.22,37077.880000000005,118300.920916
1610755200000,2021-01-16T00:00:00+00:00,1610841599999,2021-01-16T23:59:59.999000+00:00,36737.43,37950.0,35357.8,35994.98,36653.9,86348.431508
1610841600000,2021-01-17T00:00:00+00:00,1610927999999,2021-01-17T23:59:59.999000+00:00,35994.98,36852.5,33850.0,35828.61,35351.25,80157.727384
1610928000000,2021-01-18T00:00:00+00:00,1611014399999,2021-01-18T23:59:59.999000+00:00,35824.99,37469.83,34800.0,36631.27,36134.915,70698.11875
1611014400000,2021-01-19T00:00:00+00:00,1611100799999,2021-01-19T23:59:59.999000+00:00,36622.46,37850.0,35844.06,35891.49,36847.03,79611.307769
1611100800000,2021-01-20T00:00:00+00:00,1611187199999,2021-01-20T23:59:59.999000+00:00,35901.94,36415.31,33400.0,35468.23,34907.655,89368.422918
1611187200000,2021-01-21T00:00:00+00:00,1611273599999,2021-01-21T23:59:59.999000+00:00,35468.23,35600.0,30071.0,30850.13,32835.5,135004.076658
1611273600000,2021-01-22T00:00:00+00:00,1611359999999,2021-01-22T23:59:59.999000+00:00,30851.99,33826.53,28850.0,32945.17,31338.265,142971.684049
1611360000000,2021-01-23T00:00:00+00:00,1611446399999,2021-01-23T23:59:59.999000+00:00,32950.0,33456.0,31390.16,32078.0,32423.08,64595.287675
1611446400000,2021-01-24T00:00:00+00:00,1611532799999,2021-01-24T23:59:59.999000+00:00,32078.0,33071.0,30900.0,32259.9,31985.5,57978.037966
1611532800000,2021-01-25T00:00:00+00:00,1611619199999,2021-01-25T23:59:59.999000+00:00,32259.45,34875.0,31910.0,32254.2,33392.5,88499.226921
1611619200000,2021-01-26T00:00:00+00:00,1611705599999,2021-01-26T23:59:59.999000+00:00,32254.19,32921.88,30837.37,32467.77,31879.625,84972.20691
1611705600000,2021-01-27T00:00:00+00:00,1611791999999,2021-01-27T23:59:59.999000+00:00,32464.01,32557.29,29241.72,30366.15,30899.505,95911.961711
1611792000000,2021-01-28T00:00:00+00:00,1611878399999,2021-01-28T23:59:59.999000+00:00,30362.19,33783.98,29842.1,33364.86,31813.04,92621.145617
1611878400000,2021-01-29T00:00:00+00:00,1611964799999,2021-01-29T23:59:59.999000+00:00,33368.18,38531.9,31915.4,34252.2,35223.65,231827.005626
1611964800000,2021-01-30T00:00:00+00:00,1612051199999,2021-01-30T23:59:59.999000+00:00,34246.28,34933.0,32825.0,34262.88,33879.0,84889.68134
1612051200000,2021-01-31T00:00:00+00:00,1612137599999,2021-01-31T23:59:59.999000+00:00,34262.89,34342.69,32171.67,33092.98,33257.18,68742.280384
1612137600000,2021-02-01T00:00:00+00:00,1612223999999,2021-02-01T23:59:59.999000+00:00,33092.97,34717.27,32296.16,33526.37,33506.715,82718.276882
1612224000000,2021-02-02T00:00:00+00:00,1612310399999,2021-02-02T23:59:59.999000+00:00,33517.09,35984.33,33418.0,35466.24,34701.165,78056.65988
1612310400000,2021-02-03T00:00:00+00:00,1612396799999,2021-02-03T23:59:59.999000+00:00,35472.71,37662.63,35362.38,37618.87,36512.505,80784.333663
1612396800000,2021-02-04T00:00:00+00:00,1612483199999,2021-02-04T23:59:59.999000+00:00,37620.26,38708.27,36161.95,36936.66,37435.11,92080.735898
1612483200000,2021-02-05T00:00:00+00:00,1612569599999,2021-02-05T23:59:59.999000+00:00,36936.65,38310.12,36570.0,38290.24,37440.06,66681.334275
1612569600000,2021-02-06T00:00:00+00:00,1612655999999,2021-02-06T23:59:59.999000+00:00,38289.32,40955.51,38215.94,39186.94,39585.725000000006,98757.311183
1612656000000,2021-02-07T00:00:00+00:00,1612742399999,2021-02-07T23:59:59.999000+00:00,39181.01,39700.0,37351.0,38795.69,38525.5,84363.679763
1612742400000,2021-02-08T00:00:00+00:00,1612828799999,2021-02-08T23:59:59.999000+00:00,38795.69,46794.45,37988.89,46374.87,42391.67,138597.536914
1612828800000,2021-02-09T00:00:00+00:00,1612915199999,2021-02-09T23:59:59.999000+00:00,46374.86,48142.19,44961.09,46420.42,46551.64,115499.861712
1612915200000,2021-02-10T00:00:00+00:00,1613001599999,2021-02-10T23:59:59.999000+00:00,46420.42,47310.0,43727.0,44807.58,45518.5,97154.1822
1613001600000,2021-02-11T00:00:00+00:00,1613087999999,2021-02-11T23:59:59.999000+00:00,44807.58,48678.9,43994.02,47969.51,46336.46,89561.081454
1613088000000,2021-02-12T00:00:00+00:00,1613174399999,2021-02-12T23:59:59.999000+00:00,47968.66,48985.8,46125.0,47287.6,47555.4,85870.035697
1613174400000,2021-02-13T00:00:00+00:00,1613260799999,2021-02-13T23:59:59.999000+00:00,47298.15,48150.0,46202.53,47153.69,47176.265,63768.097399
1613260800000,2021-02-14T00:00:00+00:00,1613347199999,2021-02-14T23:59:59.999000+00:00,47156.78,49707.43,47014.17,48577.79,48360.8,73735.475533
1613347200000,2021-02-15T00:00:00+00:00,1613433599999,2021-02-15T23:59:59.999000+00:00,48580.47,49010.92,45570.79,47911.1,47290.854999999996,79398.156784
1613433600000,2021-02-16T00:00:00+00:00,1613519999999,2021-02-16T23:59:59.999000+00:00,47911.1,50689.18,47003.62,49133.45,48846.4,88813.266298
1613520000000,2021-02-17T00:00:00+00:00,1613606399999,2021-02-17T23:59:59.999000+00:00,49133.45,52618.74,48947.0,52119.71,50782.869999999995,85743.637818
1613606400000,2021-02-18T00:00:00+00:00,1613692799999,2021-02-18T23:59:59.999000+00:00,52117.67,52530.0,50901.9,51552.6,51715.95,60758.046954
1613692800000,2021-02-19T00:00:00+00:00,1613779199999,2021-02-19T23:59:59.999000+00:00,51552.61,56368.0,50710.2,55906.0,53539.1,79659.77802
1613779200000,2021-02-20T00:00:00+00:00,1613865599999,2021-02-20T23:59:59.999000+00:00,55906.0,57700.46,53863.93,55841.19,55782.195,80948.205314
1613865600000,2021-02-21T00:00:00+00:00,1613951999999,2021-02-21T23:59:59.999000+00:00,55841.19,58352.8,55477.59,57408.57,56915.195,58166.708511
1613952000000,2021-02-22T00:00:00+00:00,1614038399999,2021-02-22T23:59:59.999000+00:00,57412.35,57508.47,47622.0,54087.67,52565.235,134019.434944
1614038400000,2021-02-23T00:00:00+00:00,1614124799999,2021-02-23T23:59:59.999000+00:00,54087.67,54183.59,44892.56,48891.0,49538.075,169375.025051
1614124800000,2021-02-24T00:00:00+00:00,1614211199999,2021-02-24T23:59:59.999000+00:00,48891.0,51374.99,46988.69,49676.2,49181.84,91881.209252
1614211200000,2021-02-25T00:00:00+00:00,1614297599999,2021-02-25T23:59:59.999000+00:00,49676.21,52041.73,46674.34,47073.73,49358.035,83310.673121
1614297600000,2021-02-26T00:00:00+00:00,1614383999999,2021-02-26T23:59:59.999000+00:00,47073.73,48424.11,44106.78,46276.87,46265.445,109423.200663
1614384000000,2021-02-27T00:00:00+00:00,1614470399999,2021-02-27T23:59:59.999000+00:00,46276.88,48394.0,45000.0,46106.43,46697.0,66060.834292
1614470400000,2021-02-28T00:00:00+00:00,1614556799999,2021-02-28T23:59:59.999000+00:00,46103.67,46638.46,43000.0,45135.66,44819.229999999996,83055.369042
1614556800000,2021-03-01T00:00:00+00:00,1614643199999,2021-03-01T23:59:59.999000+00:00,45134.11,49790.0,44950.53,49587.03,47370.265,85086.111648
1614643200000,2021-03-02T00:00:00+00:00,1614729599999,2021-03-02T23:59:59.999000+00:00,49595.76,50200.0,47047.6,48440.65,48623.8,64221.06214
1614729600000,2021-03-03T00:00:00+00:00,1614815999999,2021-03-03T23:59:59.999000+00:00,48436.61,52640.0,48100.71,50349.37,50370.354999999996,81035.913705
1614816000000,2021-03-04T00:00:00+00:00,1614902399999,2021-03-04T23:59:59.999000+00:00,50349.37,51773.88,47500.0,48374.09,49636.94,82649.716829
1614902400000,2021-03-05T00:00:00+00:00,1614988799999,2021-03-05T23:59:59.999000+00:00,48374.09,49448.93,46300.0,48751.71,47874.465,78192.496372
1614988800000,2021-03-06T00:00:00+00:00,1615075199999,2021-03-06T23:59:59.999000+00:00,48746.81,49200.0,47070.0,48882.2,48135.0,44399.234242
1615075200000,2021-03-07T00:00:00+00:00,1615161599999,2021-03-07T23:59:59.999000+00:00,48882.2,51450.03,48882.2,50971.75,50166.115,55235.028032
1615161600000,2021-03-08T00:00:00+00:00,1615247999999,2021-03-08T23:59:59.999000+00:00,50959.11,52402.78,49274.67,52375.17,50838.725,66987.359664
1615248000000,2021-03-09T00:00:00+00:00,1615334399999,2021-03-09T23:59:59.999000+00:00,52375.18,54895.0,51789.41,54884.5,53342.205,71656.737076
1615334400000,2021-03-10T00:00:00+00:00,1615420799999,2021-03-10T23:59:59.999000+00:00,54874.67,57387.69,53005.0,55851.59,55196.345,84749.238943
1615420800000,2021-03-11T00:00:00+00:00,1615507199999,2021-03-11T23:59:59.999000+00:00,55851.59,58150.0,54272.82,57773.16,56211.41,81914.812859
1615507200000,2021-03-12T00:00:00+00:00,1615593599999,2021-03-12T23:59:59.999000+00:00,57773.15,58081.51,54962.84,57221.72,56522.175,73405.406047
1615593600000,2021-03-13T00:00:00+00:00,1615679999999,2021-03-13T23:59:59.999000+00:00,57221.72,61844.0,56078.23,61188.39,58961.115000000005,83245.091346
1615680000000,2021-03-14T00:00:00+00:00,1615766399999,2021-03-14T23:59:59.999000+00:00,61188.38,61724.79,58966.78,58968.31,60345.785,52601.05275
1615766400000,2021-03-15T00:00:00+00:00,1615852799999,2021-03-15T23:59:59.999000+00:00,58976.08,60633.43,54600.0,55605.2,57616.715,102771.427298
1615852800000,2021-03-16T00:00:00+00:00,1615939199999,2021-03-16T23:59:59.999000+00:00,55605.2,56938.29,53271.34,56900.75,55104.815,77986.694355
1615939200000,2021-03-17T00:00:00+00:00,1616025599999,2021-03-17T23:59:59.999000+00:00,56900.74,58974.73,54123.69,58912.97,56549.21000000001,70421.620841
1616025600000,2021-03-18T00:00:00+00:00,1616111999999,2021-03-18T23:59:59.999000+00:00,58912.97,60129.97,57023.0,57648.16,58576.485,66580.406675
1616112000000,2021-03-19T00:00:00+00:00,1616198399999,2021-03-19T23:59:59.999000+00:00,57641.0,59468.0,56270.74,58030.01,57869.369999999995,52392.652961
1616198400000,2021-03-20T00:00:00+00:00,1616284799999,2021-03-20T23:59:59.999000+00:00,58030.01,59880.0,57820.17,58102.28,58850.085,44476.941776
1616284800000,2021-03-21T00:00:00+00:00,1616371199999,2021-03-21T23:59:59.999000+00:00,58100.02,58589.1,55450.11,57351.56,57019.604999999996,48564.470274
1616371200000,2021-03-22T00:00:00+00:00,1616457599999,2021-03-22T23:59:59.999000+00:00,57351.56,58430.73,53650.0,54083.25,56040.365000000005,62581.626169
1616457600000,2021-03-23T00:00:00+00:00,1616543999999,2021-03-23T23:59:59.999000+00:00,54083.25,55830.9,53000.0,54340.89,54415.45,59789.365427
1616544000000,2021-03-24T00:00:00+00:00,1616630399999,2021-03-24T23:59:59.999000+00:00,54342.8,57200.0,51700.0,52303.65,54450.0,83537.465021
1616630400000,2021-03-25T00:00:00+00:00,1616716799999,2021-03-25T23:59:59.999000+00:00,52303.66,53287.0,50427.56,51293.78,51857.28,87400.534538
1616716800000,2021-03-26T00:00:00+00:00,1616803199999,2021-03-26T23:59:59.999000+00:00,51293.78,55073.46,51214.6,55025.59,53144.03,63813.774692
1616803200000,2021-03-27T00:00:00+00:00,1616889599999,2021-03-27T23:59:59.999000+00:00,55025.59,56700.36,53950.0,55817.14,55325.18,50105.475055
1616889600000,2021-03-28T00:00:00+00:00,1616975999999,2021-03-28T23:59:59.999000+00:00,55817.14,56559.75,54691.84,55777.63,55625.795,39050.387511
1616976000000,2021-03-29T00:00:00+00:00,1617062399999,2021-03-29T23:59:59.999000+00:00,55777.65,58405.82,54800.01,57635.47,56602.915,67857.937398
1617062400000,2021-03-30T00:00:00+00:00,1617148799999,2021-03-30T23:59:59.999000+00:00,57635.46,59368.0,57071.35,58746.57,58219.675,55122.443122
1617148800000,2021-03-31T00:00:00+00:00,1617235199999,2021-03-31T23:59:59.999000+00:00,58746.57,59800.0,56769.0,58740.55,58284.5,60975.542666
1617235200000,2021-04-01T00:00:00+00:00,1617321599999,2021-04-01T23:59:59.999000+00:00,58739.46,59490.0,57935.45,58720.44,58712.725,47415.61722
1617321600000,2021-04-02T00:00:00+00:00,1617407999999,2021-04-02T23:59:59.999000+00:00,58720.45,60200.0,58428.57,58950.01,59314.285,47382.418781
1617408000000,2021-04-03T00:00:00+00:00,1617494399999,2021-04-03T23:59:59.999000+00:00,58950.01,59791.72,56880.0,57051.94,58335.86,47409.852113
1617494400000,2021-04-04T00:00:00+00:00,1617580799999,2021-04-04T23:59:59.999000+00:00,57051.95,58492.85,56388.0,58202.01,57440.425,41314.081973
1617580800000,2021-04-05T00:00:00+00:00,1617667199999,2021-04-05T23:59:59.999000+00:00,58202.01,59272.0,56777.77,59129.99,58024.884999999995,54258.01579
1617667200000,2021-04-06T00:00:00+00:00,1617753599999,2021-04-06T23:59:59.999000+00:00,59129.99,59495.24,57413.02,57991.15,58454.13,54201.000727
1617753600000,2021-04-07T00:00:00+00:00,1617839999999,2021-04-07T23:59:59.999000+00:00,57990.03,58655.0,55473.0,55953.45,57064.0,71228.405659
1617840000000,2021-04-08T00:00:00+00:00,1617926399999,2021-04-08T23:59:59.999000+00:00,55953.44,58153.31,55700.0,58077.52,56926.655,44283.147019
1617926400000,2021-04-09T00:00:00+00:00,1618012799999,2021-04-09T23:59:59.999000+00:00,58077.52,58894.9,57654.0,58142.54,58274.45,40831.884911
1618012800000,2021-04-10T00:00:00+00:00,1618099199999,2021-04-10T23:59:59.999000+00:00,58142.55,61500.0,57900.01,59769.13,59700.005000000005,69906.424117
1618099200000,2021-04-11T00:00:00+00:00,1618185599999,2021-04-11T23:59:59.999000+00:00,59769.13,60699.0,59232.52,60002.43,59965.759999999995,41156.715391
1618185600000,2021-04-12T00:00:00+00:00,1618271999999,2021-04-12T23:59:59.999000+00:00,59998.8,61300.0,59350.59,59860.0,60325.295,56375.037117
1618272000000,2021-04-13T00:00:00+00:00,1618358399999,2021-04-13T23:59:59.999000+00:00,59860.01,63777.77,59805.15,63575.0,61791.46,82848.688746
1618358400000,2021-04-14T00:00:00+00:00,1618444799999,2021-04-14T23:59:59.999000+00:00,63575.01,64854.0,61301.0,62959.53,63077.5,82616.343993
1618444800000,2021-04-15T00:00:00+00:00,1618531199999,2021-04-15T23:59:59.999000+00:00,62959.53,63800.0,62020.0,63159.98,62910.0,51649.70034
1618531200000,2021-04-16T00:00:00+00:00,1618617599999,2021-04-16T23:59:59.999000+00:00,63158.74,63520.61,60000.0,61334.8,61760.305,91764.139884
1618617600000,2021-04-17T00:00:00+00:00,1618703999999,2021-04-17T23:59:59.999000+00:00,61334.81,62506.05,59580.91,60006.66,61043.48,58912.256128
1618704000000,2021-04-18T00:00:00+00:00,1618790399999,2021-04-18T23:59:59.999000+00:00,60006.67,60499.0,50931.3,56150.01,55715.15,124882.131824
1618790400000,2021-04-19T00:00:00+00:00,1618876799999,2021-04-19T23:59:59.999000+00:00,56150.01,57526.81,54221.58,55633.14,55874.195,78229.042267
1618876800000,2021-04-20T00:00:00+00:00,1618963199999,2021-04-20T23:59:59.999000+00:00,55633.14,57076.24,53329.96,56425.0,55203.1,72744.482151
1618963200000,2021-04-21T00:00:00+00:00,1619049599999,2021-04-21T23:59:59.999000+00:00,56425.0,56757.91,53536.02,53787.63,55146.965,66984.756909
1619049600000,2021-04-22T00:00:00+00:00,1619135999999,2021-04-22T23:59:59.999000+00:00,53787.62,55521.48,50500.0,51690.96,53010.740000000005,104656.631337
1619136000000,2021-04-23T00:00:00+00:00,1619222399999,2021-04-23T23:59:59.999000+00:00,51690.95,52131.85,47500.0,51125.14,49815.925,132230.780719
1619222400000,2021-04-24T00:00:00+00:00,1619308799999,2021-04-24T23:59:59.999000+00:00,51110.56,51166.22,48657.14,50047.84,49911.68,55361.512573
1619308800000,2021-04-25T00:00:00+00:00,1619395199999,2021-04-25T23:59:59.999000+00:00,50047.84,50567.91,46930.0,49066.77,48748.955,58255.645004
1619395200000,2021-04-26T00:00:00+00:00,1619481599999,2021-04-26T23:59:59.999000+00:00,49066.76,54356.62,48753.44,54001.39,51555.03,86310.802124
1619481600000,2021-04-27T00:00:00+00:00,1619567999999,2021-04-27T23:59:59.999000+00:00,54001.38,55460.0,53222.0,55011.97,54341.0,54064.034675
1619568000000,2021-04-28T00:00:00+00:00,1619654399999,2021-04-28T23:59:59.999000+00:00,55011.97,56428.0,53813.16,54846.22,55120.58,55130.459015
1619654400000,2021-04-29T00:00:00+00:00,1619740799999,2021-04-29T23:59:59.999000+00:00,54846.23,55195.84,52330.94,53555.0,53763.39,52486.019455
1619740800000,2021-04-30T00:00:00+00:00,1619827199999,2021-04-30T23:59:59.999000+00:00,53555.0,57963.0,53013.01,57694.27,55488.005000000005,68578.910045
1619827200000,2021-05-01T00:00:00+00:00,1619913599999,2021-05-01T23:59:59.999000+00:00,57697.25,58458.07,56956.14,57800.37,57707.104999999996,42600.351836
1619913600000,2021-05-02T00:00:00+00:00,1619999999999,2021-05-02T23:59:59.999000+00:00,57797.35,57911.02,56035.25,56578.21,56973.134999999995,36812.878863
1620000000000,2021-05-03T00:00:00+00:00,1620086399999,2021-05-03T23:59:59.999000+00:00,56578.21,58981.44,56435.0,57169.39,57708.22,57649.931286
1620086400000,2021-05-04T00:00:00+00:00,1620172799999,2021-05-04T23:59:59.999000+00:00,57169.39,57200.0,53046.69,53200.01,55123.345,85324.625903
1620172800000,2021-05-05T00:00:00+00:00,1620259199999,2021-05-05T23:59:59.999000+00:00,53205.05,58069.82,52900.0,57436.11,55484.91,77263.923439
1620259200000,2021-05-06T00:00:00+00:00,1620345599999,2021-05-06T23:59:59.999000+00:00,57436.11,58360.0,55200.0,56393.68,56780.0,70181.671908
1620345600000,2021-05-07T00:00:00+00:00,1620431999999,2021-05-07T23:59:59.999000+00:00,56393.68,58650.0,55241.63,57314.75,56945.815,74542.747829
1620432000000,2021-05-08T00:00:00+00:00,1620518399999,2021-05-08T23:59:59.999000+00:00,57315.49,59500.0,56900.0,58862.05,58200.0,69709.906028
1620518400000,2021-05-09T00:00:00+00:00,1620604799999,2021-05-09T23:59:59.999000+00:00,58866.53,59300.0,56235.66,58240.84,57767.83,69806.11991
1620604800000,2021-05-10T00:00:00+00:00,1620691199999,2021-05-10T23:59:59.999000+00:00,58240.83,59500.0,53400.0,55816.14,56450.0,89586.34925
1620691200000,2021-05-11T00:00:00+00:00,1620777599999,2021-05-11T23:59:59.999000+00:00,55816.14,56862.43,54370.0,56670.02,55616.215,64329.54055
1620777600000,2021-05-12T00:00:00+00:00,1620863999999,2021-05-12T23:59:59.999000+00:00,56670.02,58000.01,48600.0,49631.32,53300.005000000005,99842.789836
1620864000000,2021-05-13T00:00:00+00:00,1620950399999,2021-05-13T23:59:59.999000+00:00,49537.15,51367.19,46000.0,49670.97,48683.595,147332.002121
1620950400000,2021-05-14T00:00:00+00:00,1621036799999,2021-05-14T23:59:59.999000+00:00,49671.92,51483.0,48799.75,49841.45,50141.375,80082.204306
1621036800000,2021-05-15T00:00:00+00:00,1621123199999,2021-05-15T23:59:59.999000+00:00,49844.16,50700.0,46555.0,46762.99,48627.5,89437.449359
1621123200000,2021-05-16T00:00:00+00:00,1621209599999,2021-05-16T23:59:59.999000+00:00,46762.99,49795.89,43825.39,46431.5,46810.64,114269.812775
1621209600000,2021-05-17T00:00:00+00:00,1621295999999,2021-05-17T23:59:59.999000+00:00,46426.83,46686.0,42001.0,43538.04,44343.5,166657.172736
1621296000000,2021-05-18T00:00:00+00:00,1621382399999,2021-05-18T23:59:59.999000+00:00,43538.02,45799.29,42250.02,42849.78,44024.655,116979.860784
1621382400000,2021-05-19T00:00:00+00:00,1621468799999,2021-05-19T23:59:59.999000+00:00,42849.78,43584.9,30000.0,36690.09,36792.45,354347.243161
1621468800000,2021-05-20T00:00:00+00:00,1621555199999,2021-05-20T23:59:59.999000+00:00,36671.23,42451.67,34850.0,40526.64,38650.835,203017.596923
1621555200000,2021-05-21T00:00:00+00:00,1621641599999,2021-05-21T23:59:59.999000+00:00,40525.39,42200.0,33488.0,37252.01,37844.0,202100.888258
1621641600000,2021-05-22T00:00:00+00:00,1621727999999,2021-05-22T23:59:59.999000+00:00,37263.35,38829.0,35200.62,37449.73,37014.81,126542.243689
1621728000000,2021-05-23T00:00:00+00:00,1621814399999,2021-05-23T23:59:59.999000+00:00,37458.51,38270.64,31111.01,34655.25,34690.825,217136.046593
1621814400000,2021-05-24T00:00:00+00:00,1621900799999,2021-05-24T23:59:59.999000+00:00,34681.44,39920.0,34031.0,38796.29,36975.5,161630.893971
1621900800000,2021-05-25T00:00:00+00:00,1621987199999,2021-05-25T23:59:59.999000+00:00,38810.99,39791.77,36419.62,38324.72,38105.695,111996.228404
1621987200000,2021-05-26T00:00:00+00:00,1622073599999,2021-05-26T23:59:59.999000+00:00,38324.72,40841.0,37800.44,39241.91,39320.72,104780.773396
1622073600000,2021-05-27T00:00:00+00:00,1622159999999,2021-05-27T23:59:59.999000+00:00,39241.92,40411.14,37134.27,38529.98,38772.705,86547.158794
1622160000000,2021-05-28T00:00:00+00:00,1622246399999,2021-05-28T23:59:59.999000+00:00,38529.99,38877.83,34684.0,35663.49,36780.915,135377.62972
1622246400000,2021-05-29T00:00:00+00:00,1622332799999,2021-05-29T23:59:59.999000+00:00,35661.79,37338.58,33632.76,34605.15,35485.67,112663.092689
1622332800000,2021-05-30T00:00:00+00:00,1622419199999,2021-05-30T23:59:59.999000+00:00,34605.15,36488.0,33379.0,35641.27,34933.5,73535.386967
1622419200000,2021-05-31T00:00:00+00:00,1622505599999,2021-05-31T23:59:59.999000+00:00,35641.26,37499.0,34153.84,37253.81,35826.42,94160.735289
1622505600000,2021-06-01T00:00:00+00:00,1622591999999,2021-06-01T23:59:59.999000+00:00,37253.82,37894.81,35666.0,36693.09,36780.405,81234.66377
1622592000000,2021-06-02T00:00:00+00:00,1622678399999,2021-06-02T23:59:59.999000+00:00,36694.85,38225.0,35920.0,37568.68,37072.5,67587.372495
1622678400000,2021-06-03T00:00:00+00:00,1622764799999,2021-06-03T23:59:59.999000+00:00,37568.68,39476.0,37170.0,39246.79,38323.0,75889.106011
1622764800000,2021-06-04T00:00:00+00:00,1622851199999,2021-06-04T23:59:59.999000+00:00,39246.78,39289.07,35555.15,36829.0,37422.11,91317.799245
1622851200000,2021-06-05T00:00:00+00:00,1622937599999,2021-06-05T23:59:59.999000+00:00,36829.15,37925.0,34800.0,35513.2,36362.5,70459.62149
1622937600000,2021-06-06T00:00:00+00:00,1623023999999,2021-06-06T23:59:59.999000+00:00,35516.07,36480.0,35222.0,35796.31,35851.0,47650.206637
1623024000000,2021-06-07T00:00:00+00:00,1623110399999,2021-06-07T23:59:59.999000+00:00,35796.31,36900.0,33300.0,33552.79,35100.0,77574.952573
1623110400000,2021-06-08T00:00:00+00:00,1623196799999,2021-06-08T23:59:59.999000+00:00,33556.96,34068.01,31000.0,33380.81,32534.005,123251.189037
1623196800000,2021-06-09T00:00:00+00:00,1623283199999,2021-06-09T23:59:59.999000+00:00,33380.8,37534.79,32396.82,37388.05,34965.805,136607.597517
1623283200000,2021-06-10T00:00:00+00:00,1623369599999,2021-06-10T23:59:59.999000+00:00,37388.05,38491.0,35782.0,36675.72,37136.5,109527.284943
1623369600000,2021-06-11T00:00:00+00:00,1623455999999,2021-06-11T23:59:59.999000+00:00,36677.83,37680.4,35936.77,37331.98,36808.585,78466.0053
1623456000000,2021-06-12T00:00:00+00:00,1623542399999,2021-06-12T23:59:59.999000+00:00,37331.98,37463.63,34600.36,35546.11,36031.994999999995,87717.54999
1623542400000,2021-06-13T00:00:00+00:00,1623628799999,2021-06-13T23:59:59.999000+00:00,35546.12,39380.0,34757.0,39020.57,37068.5,86921.025555
1623628800000,2021-06-14T00:00:00+00:00,1623715199999,2021-06-14T23:59:59.999000+00:00,39020.56,41064.05,38730.0,40516.29,39897.025,108522.391949
1623715200000,2021-06-15T00:00:00+00:00,1623801599999,2021-06-15T23:59:59.999000+00:00,40516.28,41330.0,39506.4,40144.04,40418.2,80679.622838
1623801600000,2021-06-16T00:00:00+00:00,1623887999999,2021-06-16T23:59:59.999000+00:00,40143.8,40527.14,38116.01,38349.01,39321.575,87771.976937
1623888000000,2021-06-17T00:00:00+00:00,1623974399999,2021-06-17T23:59:59.999000+00:00,38349.0,39559.88,37365.0,38092.97,38462.44,79541.307119
1623974400000,2021-06-18T00:00:00+00:00,1624060799999,2021-06-18T23:59:59.999000+00:00,38092.97,38202.84,35129.29,35819.84,36666.065,95228.042935
1624060800000,2021-06-19T00:00:00+00:00,1624147199999,2021-06-19T23:59:59.999000+00:00,35820.48,36457.0,34803.52,35483.72,35630.259999999995,68712.449461
1624147200000,2021-06-20T00:00:00+00:00,1624233599999,2021-06-20T23:59:59.999000+00:00,35483.72,36137.72,33336.0,35600.16,34736.86,89878.17085
1624233600000,2021-06-21T00:00:00+00:00,1624319999999,2021-06-21T23:59:59.999000+00:00,35600.17,35750.0,31251.23,31608.93,33500.615,168778.873159
1624320000000,2021-06-22T00:00:00+00:00,1624406399999,2021-06-22T23:59:59.999000+00:00,31614.12,33298.78,28805.0,32509.56,31051.89,204208.179762
1624406400000,2021-06-23T00:00:00+00:00,1624492799999,2021-06-23T23:59:59.999000+00:00,32509.56,34881.0,31683.0,33678.07,33282.0,126966.100563
1624492800000,2021-06-24T00:00:00+00:00,1624579199999,2021-06-24T23:59:59.999000+00:00,33675.07,35298.0,32286.57,34663.09,33792.285,86625.80426
1624579200000,2021-06-25T00:00:00+00:00,1624665599999,2021-06-25T23:59:59.999000+00:00,34663.08,35500.0,31275.0,31584.45,33387.5,116061.130356
1624665600000,2021-06-26T00:00:00+00:00,1624751999999,2021-06-26T23:59:59.999000+00:00,31576.09,32730.0,30151.0,32283.65,31440.5,107820.375287
1624752000000,2021-06-27T00:00:00+00:00,1624838399999,2021-06-27T23:59:59.999000+00:00,32283.65,34749.0,31973.45,34700.34,33361.225,96613.244211
1624838400000,2021-06-28T00:00:00+00:00,1624924799999,2021-06-28T23:59:59.999000+00:00,34702.49,35297.71,33862.72,34494.89,34580.215,82222.267819
1624924800000,2021-06-29T00:00:00+00:00,1625011199999,2021-06-29T23:59:59.999000+00:00,34494.89,36600.0,34225.43,35911.73,35412.715,90788.79622
1625011200000,2021-06-30T00:00:00+00:00,1625097599999,2021-06-30T23:59:59.999000+00:00,35911.72,36100.0,34017.55,35045.0,35058.775,77152.197634
1625097600000,2021-07-01T00:00:00+00:00,1625183999999,2021-07-01T23:59:59.999000+00:00,35045.0,35057.57,32711.0,33504.69,33884.285,71708.266112
1625184000000,2021-07-02T00:00:00+00:00,1625270399999,2021-07-02T23:59:59.999000+00:00,33502.33,33977.04,32699.0,33786.55,33338.020000000004,56172.181378
1625270400000,2021-07-03T00:00:00+00:00,1625356799999,2021-07-03T23:59:59.999000+00:00,33786.54,34945.61,33316.73,34669.13,34131.17,43044.578641
1625356800000,2021-07-04T00:00:00+00:00,1625443199999,2021-07-04T23:59:59.999000+00:00,34669.12,35967.85,34357.15,35286.51,35162.5,43703.475789
1625443200000,2021-07-05T00:00:00+00:00,1625529599999,2021-07-05T23:59:59.999000+00:00,35288.13,35293.78,33125.55,33690.14,34209.665,64123.874245
1625529600000,2021-07-06T00:00:00+00:00,1625615999999,2021-07-06T23:59:59.999000+00:00,33690.15,35118.88,33532.0,34220.01,34325.44,58210.596349
1625616000000,2021-07-07T00:00:00+00:00,1625702399999,2021-07-07T23:59:59.999000+00:00,34220.02,35059.09,33777.77,33862.12,34418.42999999999,53807.521675
1625702400000,2021-07-08T00:00:00+00:00,1625788799999,2021-07-08T23:59:59.999000+00:00,33862.11,33929.64,32077.0,32875.71,33003.32,70136.48032
1625788800000,2021-07-09T00:00:00+00:00,1625875199999,2021-07-09T23:59:59.999000+00:00,32875.71,34100.0,32261.07,33815.81,33180.535,47153.939899
1625875200000,2021-07-10T00:00:00+00:00,1625961599999,2021-07-10T23:59:59.999000+00:00,33815.81,34262.0,33004.78,33502.87,33633.39,34761.175468
1625961600000,2021-07-11T00:00:00+00:00,1626047999999,2021-07-11T23:59:59.999000+00:00,33502.87,34666.0,33306.47,34258.99,33986.235,31572.647448
1626048000000,2021-07-12T00:00:00+00:00,1626134399999,2021-07-12T23:59:59.999000+00:00,34259.0,34678.43,32658.34,33086.63,33668.385,48181.403762
1626134400000,2021-07-13T00:00:00+00:00,1626220799999,2021-07-13T23:59:59.999000+00:00,33086.94,33340.0,32202.25,32729.77,32771.125,41126.361008
1626220800000,2021-07-14T00:00:00+00:00,1626307199999,2021-07-14T23:59:59.999000+00:00,32729.12,33114.03,31550.0,32820.02,32332.015,46777.823484
1626307200000,2021-07-15T00:00:00+00:00,1626393599999,2021-07-15T23:59:59.999000+00:00,32820.03,33185.25,31133.0,31880.0,32159.125,51639.576353
1626393600000,2021-07-16T00:00:00+00:00,1626479999999,2021-07-16T23:59:59.999000+00:00,31874.49,32249.18,31020.0,31383.87,31634.59,48499.864154
1626480000000,2021-07-17T00:00:00+00:00,1626566399999,2021-07-17T23:59:59.999000+00:00,31383.86,31955.92,31164.31,31520.07,31560.114999999998,34012.242132
1626566400000,2021-07-18T00:00:00+00:00,1626652799999,2021-07-18T23:59:59.999000+00:00,31520.07,32435.0,31108.97,31778.56,31771.985,35923.716186
1626652800000,2021-07-19T00:00:00+00:00,1626739199999,2021-07-19T23:59:59.999000+00:00,31778.57,31899.0,30407.44,30839.65,31153.22,47340.468499
1626739200000,2021-07-20T00:00:00+00:00,1626825599999,2021-07-20T23:59:59.999000+00:00,30839.65,31063.07,29278.0,29790.35,30170.535,61034.049017
1626825600000,2021-07-21T00:00:00+00:00,1626911999999,2021-07-21T23:59:59.999000+00:00,29790.34,32858.0,29482.61,32144.51,31170.305,82796.265128
1626912000000,2021-07-22T00:00:00+00:00,1626998399999,2021-07-22T23:59:59.999000+00:00,32144.51,32591.35,31708.0,32287.83,32149.675,46148.092433
1626998400000,2021-07-23T00:00:00+00:00,1627084799999,2021-07-23T23:59:59.999000+00:00,32287.58,33650.0,31924.32,33634.09,32787.16,50112.863626
1627084800000,2021-07-24T00:00:00+00:00,1627171199999,2021-07-24T23:59:59.999000+00:00,33634.1,34500.0,33401.14,34258.14,33950.57,47977.550138
1627171200000,2021-07-25T00:00:00+00:00,1627257599999,2021-07-25T23:59:59.999000+00:00,34261.51,35398.0,33851.12,35381.02,34624.56,47852.928313
1627257600000,2021-07-26T00:00:00+00:00,1627343999999,2021-07-26T23:59:59.999000+00:00,35381.02,40550.0,35205.78,37237.6,37877.89,152452.512724
1627344000000,2021-07-27T00:00:00+00:00,1627430399999,2021-07-27T23:59:59.999000+00:00,37241.33,39542.61,36383.0,39457.87,37962.805,88397.267015
1627430400000,2021-07-28T00:00:00+00:00,1627516799999,2021-07-28T23:59:59.999000+00:00,39456.61,40900.0,38772.0,40019.56,39836.0,101344.528441
1627516800000,2021-07-29T00:00:00+00:00,1627603199999,2021-07-29T23:59:59.999000+00:00,40019.57,40640.0,39200.0,40016.48,39920.0,53998.439283
1627603200000,2021-07-30T00:00:00+00:00,1627689599999,2021-07-30T23:59:59.999000+00:00,40018.49,42316.71,38313.23,42206.37,40314.97,73602.784805
1627689600000,2021-07-31T00:00:00+00:00,1627775999999,2021-07-31T23:59:59.999000+00:00,42206.36,42448.0,41000.15,41461.83,41724.075,44849.791012
1627776000000,2021-08-01T00:00:00+00:00,1627862399999,2021-08-01T23:59:59.999000+00:00,41461.84,42599.0,39422.01,39845.44,41010.505000000005,53953.186326
1627862400000,2021-08-02T00:00:00+00:00,1627948799999,2021-08-02T23:59:59.999000+00:00,39850.27,40480.01,38690.0,39147.82,39585.005000000005,50837.351954
1627948800000,2021-08-03T00:00:00+00:00,1628035199999,2021-08-03T23:59:59.999000+00:00,39146.86,39780.0,37642.03,38207.05,38711.015,57117.435853
1628035200000,2021-08-04T00:00:00+00:00,1628121599999,2021-08-04T23:59:59.999000+00:00,38207.04,39969.66,37508.56,39723.18,38739.11,52329.35243
1628121600000,2021-08-05T00:00:00+00:00,1628207999999,2021-08-05T23:59:59.999000+00:00,39723.17,41350.0,37332.7,40862.46,39341.35,84343.755621
1628208000000,2021-08-06T00:00:00+00:00,1628294399999,2021-08-06T23:59:59.999000+00:00,40862.46,43392.43,39853.86,42836.87,41623.145000000004,75753.941347
1628294400000,2021-08-07T00:00:00+00:00,1628380799999,2021-08-07T23:59:59.999000+00:00,42836.87,44700.0,42446.41,44572.54,43573.205,73396.740808
1628380800000,2021-08-08T00:00:00+00:00,1628467199999,2021-08-08T23:59:59.999000+00:00,44572.54,45310.0,43261.0,43794.37,44285.5,69329.092698
1628467200000,2021-08-09T00:00:00+00:00,1628553599999,2021-08-09T23:59:59.999000+00:00,43794.36,46454.15,42779.0,46253.4,44616.575,74587.884845
1628553600000,2021-08-10T00:00:00+00:00,1628639999999,2021-08-10T23:59:59.999000+00:00,46248.87,46700.0,44589.46,45584.99,45644.729999999996,53814.643421
1628640000000,2021-08-11T00:00:00+00:00,1628726399999,2021-08-11T23:59:59.999000+00:00,45585.0,46743.47,45341.14,45511.0,46042.305,52734.901977
1628726400000,2021-08-12T00:00:00+00:00,1628812799999,2021-08-12T23:59:59.999000+00:00,45510.67,46218.12,43770.0,44399.0,44994.06,55266.108781
1628812800000,2021-08-13T00:00:00+00:00,1628899199999,2021-08-13T23:59:59.999000+00:00,44400.06,47886.0,44217.39,47800.0,46051.695,48239.370431
1628899200000,2021-08-14T00:00:00+00:00,1628985599999,2021-08-14T23:59:59.999000+00:00,47799.99,48144.0,45971.03,47068.51,47057.515,46114.359022
1628985600000,2021-08-15T00:00:00+00:00,1629071999999,2021-08-15T23:59:59.999000+00:00,47068.5,47372.27,45500.0,46973.82,46436.134999999995,42110.711334
1629072000000,2021-08-16T00:00:00+00:00,1629158399999,2021-08-16T23:59:59.999000+00:00,46973.82,48053.83,45660.0,45901.29,46856.915,52480.574014
1629158400000,2021-08-17T00:00:00+00:00,1629244799999,2021-08-17T23:59:59.999000+00:00,45901.3,47160.0,44376.0,44695.95,45768.0,57039.341629
1629244800000,2021-08-18T00:00:00+00:00,1629331199999,2021-08-18T23:59:59.999000+00:00,44695.95,46000.0,44203.28,44705.29,45101.64,54099.415985
1629331200000,2021-08-19T00:00:00+00:00,1629417599999,2021-08-19T23:59:59.999000+00:00,44699.37,47033.0,43927.7,46760.62,45480.35,53411.75392
1629417600000,2021-08-20T00:00:00+00:00,1629503999999,2021-08-20T23:59:59.999000+00:00,46760.62,49382.99,46622.99,49322.47,48002.99,56850.352228
1629504000000,2021-08-21T00:00:00+00:00,1629590399999,2021-08-21T23:59:59.999000+00:00,49322.47,49757.04,48222.0,48821.87,48989.520000000004,46745.136584
1629590400000,2021-08-22T00:00:00+00:00,1629676799999,2021-08-22T23:59:59.999000+00:00,48821.88,49500.0,48050.0,49239.22,48775.0,37007.887795
1629676800000,2021-08-23T00:00:00+00:00,1629763199999,2021-08-23T23:59:59.999000+00:00,49239.22,50500.0,49029.0,49488.85,49764.5,52462.541954
1629763200000,2021-08-24T00:00:00+00:00,1629849599999,2021-08-24T23:59:59.999000+00:00,49488.85,49860.0,47600.0,47674.01,48730.0,51014.594748
1629849600000,2021-08-25T00:00:00+00:00,1629935999999,2021-08-25T23:59:59.999000+00:00,47674.01,49264.3,47126.28,48973.32,48195.29,44655.830342
1629936000000,2021-08-26T00:00:00+00:00,1630022399999,2021-08-26T23:59:59.999000+00:00,48973.32,49352.84,46250.0,46843.87,47801.42,49371.277774
1630022400000,2021-08-27T00:00:00+00:00,1630108799999,2021-08-27T23:59:59.999000+00:00,46843.86,49149.93,46348.0,49069.9,47748.965,42068.104965
1630108800000,2021-08-28T00:00:00+00:00,1630195199999,2021-08-28T23:59:59.999000+00:00,49069.9,49299.0,48346.88,48895.35,48822.94,26681.063786
1630195200000,2021-08-29T00:00:00+00:00,1630281599999,2021-08-29T23:59:59.999000+00:00,48895.35,49632.27,47762.54,48767.83,48697.405,32652.283473
1630281600000,2021-08-30T00:00:00+00:00,1630367999999,2021-08-30T23:59:59.999000+00:00,48767.84,48888.61,46853.0,46982.91,47870.805,40288.35083
1630368000000,2021-08-31T00:00:00+00:00,1630454399999,2021-08-31T23:59:59.999000+00:00,46982.91,48246.11,46700.0,47100.89,47473.055,48645.52737
1630454400000,2021-09-01T00:00:00+00:00,1630540799999,2021-09-01T23:59:59.999000+00:00,47100.89,49156.0,46512.0,48810.52,47834.0,49904.65528
1630540800000,2021-09-02T00:00:00+00:00,1630627199999,2021-09-02T23:59:59.999000+00:00,48810.51,50450.13,48584.06,49246.64,49517.095,54410.770538
1630627200000,2021-09-03T00:00:00+00:00,1630713599999,2021-09-03T23:59:59.999000+00:00,49246.63,51000.0,48316.84,49999.14,49658.42,59025.644157
1630713600000,2021-09-04T00:00:00+00:00,1630799999999,2021-09-04T23:59:59.999000+00:00,49998.0,50535.69,49370.0,49915.64,49952.845,34664.65959
1630800000000,2021-09-05T00:00:00+00:00,1630886399999,2021-09-05T23:59:59.999000+00:00,49917.54,51900.0,49450.0,51756.88,50675.0,40544.835873
1630886400000,2021-09-06T00:00:00+00:00,1630972799999,2021-09-06T23:59:59.999000+00:00,51756.88,52780.0,50969.33,52663.9,51874.665,49249.667081
1630972800000,2021-09-07T00:00:00+00:00,1631059199999,2021-09-07T23:59:59.999000+00:00,52666.2,52920.0,42843.05,46863.73,47881.525,123048.802719
1631059200000,2021-09-08T00:00:00+00:00,1631145599999,2021-09-08T23:59:59.999000+00:00,46868.57,47340.99,44412.02,46048.31,45876.505,65069.3152
1631145600000,2021-09-09T00:00:00+00:00,1631231999999,2021-09-09T23:59:59.999000+00:00,46048.31,47399.97,45513.08,46395.14,46456.525,50651.66002
1631232000000,2021-09-10T00:00:00+00:00,1631318399999,2021-09-10T23:59:59.999000+00:00,46395.14,47033.0,44132.29,44850.91,45582.645000000004,49048.26618
1631318400000,2021-09-11T00:00:00+00:00,1631404799999,2021-09-11T23:59:59.999000+00:00,44842.2,45987.93,44722.22,45173.69,45355.075,30440.4081
1631404800000,2021-09-12T00:00:00+00:00,1631491199999,2021-09-12T23:59:59.999000+00:00,45173.68,46460.0,44742.06,46025.24,45601.03,32094.28052
1631491200000,2021-09-13T00:00:00+00:00,1631577599999,2021-09-13T23:59:59.999000+00:00,46025.23,46880.0,43370.0,44940.73,45125.0,65429.15056
1631577600000,2021-09-14T00:00:00+00:00,1631663999999,2021-09-14T23:59:59.999000+00:00,44940.72,47250.0,44594.44,47111.52,45922.22,44855.85099
1631664000000,2021-09-15T00:00:00+00:00,1631750399999,2021-09-15T23:59:59.999000+00:00,47103.28,48500.0,46682.32,48121.41,47591.16,43204.71174
1631750400000,2021-09-16T00:00:00+00:00,1631836799999,2021-09-16T23:59:59.999000+00:00,48121.4,48557.0,47021.1,47737.82,47789.05,40725.08895
1631836800000,2021-09-17T00:00:00+00:00,1631923199999,2021-09-17T23:59:59.999000+00:00,47737.81,48150.0,46699.56,47299.98,47424.78,34461.92776
1631923200000,2021-09-18T00:00:00+00:00,1632009599999,2021-09-18T23:59:59.999000+00:00,47299.98,48843.2,47035.56,48292.74,47939.38,30906.47038
1632009600000,2021-09-19T00:00:00+00:00,1632095999999,2021-09-19T23:59:59.999000+00:00,48292.75,48372.83,46829.18,47241.75,47601.005000000005,29847.24349
1632096000000,2021-09-20T00:00:00+00:00,1632182399999,2021-09-20T23:59:59.999000+00:00,47241.75,47347.25,42500.0,43015.62,44923.625,78003.524443
1632182400000,2021-09-21T00:00:00+00:00,1632268799999,2021-09-21T23:59:59.999000+00:00,43016.64,43639.0,39600.0,40734.38,41619.5,84534.080485
1632268800000,2021-09-22T00:00:00+00:00,1632355199999,2021-09-22T23:59:59.999000+00:00,40734.09,44000.55,40565.39,43543.61,42282.97,58349.05542
1632355200000,2021-09-23T00:00:00+00:00,1632441599999,2021-09-23T23:59:59.999000+00:00,43546.37,44978.0,43069.09,44865.26,44023.545,48699.57655
1632441600000,2021-09-24T00:00:00+00:00,1632527999999,2021-09-24T23:59:59.999000+00:00,44865.26,45200.0,40675.0,42810.57,42937.5,84113.426292
1632528000000,2021-09-25T00:00:00+00:00,1632614399999,2021-09-25T23:59:59.999000+00:00,42810.58,42966.84,41646.28,42670.64,42306.56,33594.57189
1632614400000,2021-09-26T00:00:00+00:00,1632700799999,2021-09-26T23:59:59.999000+00:00,42670.63,43950.0,40750.0,43160.9,42350.0,49879.99765
1632700800000,2021-09-27T00:00:00+00:00,1632787199999,2021-09-27T23:59:59.999000+00:00,43160.9,44350.0,42098.0,42147.35,43224.0,39776.84383
1632787200000,2021-09-28T00:00:00+00:00,1632873599999,2021-09-28T23:59:59.999000+00:00,42147.35,42787.38,40888.0,41026.54,41837.69,43372.2624
1632873600000,2021-09-29T00:00:00+00:00,1632959999999,2021-09-29T23:59:59.999000+00:00,41025.01,42590.0,40753.88,41524.28,41671.94,33511.53487
1632960000000,2021-09-30T00:00:00+00:00,1633046399999,2021-09-30T23:59:59.999000+00:00,41524.29,44141.37,41410.17,43824.1,42775.770000000004,46381.22781
